OBJECTID,REGIONNAME,ZONENAME,WOREDANO_,WOREDANAME,GlobalID,Shape__Area,Shape__Length
1,Addis Ababa,Region 14,140102,Nefas Silk,695a39eb-38a2-4680-82e3-c34d7559ee45,60194723.3818359,42074.1279416154
2,Addis Ababa,Region 14,140104,Bole,d21bf315-15e2-40eb-9a55-92e102600a0f,131767936.981934,57202.0043319994
3,Addis Ababa,Region 14,140105,Lideta,7f82355a-ed21-48bd-9d49-2e3cb58b824b,11349508.3491211,20053.0750017827
4,Addis Ababa,Region 14,140106,Kirkos,deb15e6d-331b-433e-bdb8-cd5dfca4bb79,15122328.59375,19354.492903382
5,Addis Ababa,Region 14,140107,Yeka,1f7e0179-f18e-43c1-9838-9ad28d2a6e1a,89019214.4672852,47690.0168031617
6,Addis Ababa,Region 14,140108,Addis Ketema,a4daa298-55cf-4270-93c7-4cddd9d3b5ad,7626468.54833984,15661.7344680407
7,Addis Ababa,Region 14,140109,Arada,cd0c65f6-ac59-442c-ae11-6f1e08f5c5ec,9809010.34619141,18461.8884423076
8,Addis Ababa,Region 14,140110,Gulele,abb91d1a-2a1f-45e5-a649-f248c67a921b,32892638.8598633,31072.3102377202
9,Tigray,Central,010204,Adwa,5e61e20a-cc3f-4f68-acda-5ce73ee77566,712649728.754395,154334.832877905
10,Tigray,Central,010202,Ahferom,f70cb5cf-b81c-4c1a-a569-4516b7309261,1393936681.17236,241544.136644687
11,Tigray,Southern,010404,Alaje,9d6695cc-4fab-4fed-9460-dea619c137e2,819661517.982422,162201.278352367
12,Tigray,Southern,010407,Alamata,9bec8afc-fb49-4652-a50c-fdc13d552329,765786757.342285,207907.002156972
13,Tigray,North Western,010105,Asgede Tsimbila,76532c8f-cbe0-45a0-afb1-c0158c0287b9,2564325161.96924,302224.292065817
14,Tigray,"Eastern
",010307,Atsbi Wenberta,2556504b-3ab9-4442-a19c-ddbe43200e51,1216352969.20703,189271.729308253
15,Tigray,Central,010209,Degua Temben,2bd02927-188e-45ad-9b6f-6a0d769851d8,1101693895.87744,200207.454125657
16,Tigray,Southern,010402,Enderta,79111570-1e83-4bee-a57c-aedbbd0f0d48,1565244564.33691,270310.819612725
17,Tigray,"Eastern
",010302,Erob,1d210d01-2777-4bdf-b72f-24067e096b44,998669054.36377,189522.019531631
18,Tigray,"Eastern
",010304,Ganta Afeshum,8af467f3-1dd6-4f3a-844a-6526a587979a,588953566.251465,179223.474236527
19,Tigray,"Eastern
",010301,Gulomekeda,35b3f237-eb2c-42d5-a92a-4a10dfd855b5,634536341.649414,179798.42562789
20,Tigray,"Eastern
",010305,Hawzen,6ddd948e-36d0-4a67-9ecc-dff364fa7dd0,909231686.410645,198419.341373812
21,Tigray,Southern,010403,Hintalo Wejirat,68231e7c-ac34-4f21-a8b0-d83ed3609266,2052241158.79443,291872.1401261
22,Tigray,Western,010501,Kafta Humera,49744313-dc55-4fd0-b63d-ec24abcd92c7,6583450820.65283,461541.900773079
23,Tigray,"Eastern
",010306,Kelete Awelallo,4e24b51c-ebe8-4e11-ae34-dd11d92e9b48,1081407509.5459,207833.563938516
24,Tigray,Central,010208,Kola Temben,61c078cf-ec01-4eae-8542-242ee34ca875,1469376615.43164,249445.536400884
25,Tigray,North Western,010102,Laelay Adiyabo,ce3eaed8-dd06-4cf9-9070-caa26dc23859,1900137315.83301,301891.191401095
26,Tigray,Central,010205,Laelay Maychew,f9c52730-86af-4c0d-a466-066db68d029a,595574311.545898,171511.511538887
27,Tigray,North Western,010103,Medebay Zana,a0221d0a-9ebc-42d7-be4f-2f400f91dd87,1128943214.12012,279174.63431821
28,Tigray,Central,010201,Mereb Leke,e5fde189-1d69-41d2-a6e2-d7a4825dd969,1339364597.02051,266354.375405911
29,Tigray,Central,010207,Naeder Adet,b8feeca3-84f2-4851-9a49-1570905c0d72,1001132784.74365,193289.092608051
30,Tigray,Southern,010408,Ofla,4de029ca-2919-4b45-937e-b6c00c7a2e65,1163828754.02979,175844.379490213
31,Tigray,"Eastern
",010303,Saesie Tsaedaemba,fd2dd65c-6ff5-4cc9-84bc-fa11d5da8196,1241186410.0791,292816.441759754
32,Tigray,Southern,010401,Saharti Samre,e8f1bcd9-e5fc-4dca-9c77-cfdfb6a47572,1824655467.2627,269752.646483612
33,Tigray,North Western,010101,Tahtay Adiyabo,70c69cb0-c428-43fc-af45-0768c61d695c,4189187161.93848,369277.887645236
34,Tigray,North Western,010104,Tahtay Koraro,d9ffbf29-e18b-4ed0-84d1-da9687065700,716471062.388672,191546.690111281
35,Tigray,Central,010206,Tahtay Maychew,9afa9ef2-3159-4eb1-85c7-19522020e790,609710752.688965,211319.372853204
36,Tigray,Central,010210,Tanqua Abergele,b698b975-3f83-46ac-9907-23ea3bb0ed3d,1541367128.44287,255251.121127683
37,Tigray,Western,010503,Tsegede,1cb84ffb-b488-461d-a96c-7daa29b1b0f6,3438772612.32666,439522.323300402
38,Tigray,North Western,010106,Tselemti,15db1223-bd7a-49f0-a016-66772e918b57,2938804243.81201,415389.236820558
39,Tigray,Western,010502,Welkait,2a2d6aa9-73a8-4eef-98ee-73321308ab6e,4063850440.79883,401140.20419096
40,Tigray,Central,010203,Werei Leke,4a4cf0a7-9307-4056-9243-a28aa4dcdda4,1345389414.50635,246033.942413572
41,Tigray,Southern,010405,Endamehoni,05066f80-8abb-4974-b4df-cb160632a241,671970282.214355,137708.650835995
42,Tigray,Southern,010406,Raya Azebo,67c3e2d4-7f4e-43d5-825a-44cff9bcafe9,1885450549.60498,285669.201604073
43,Somali,Siti,050101,Ayisha,81304d1a-7f3c-4caa-8be5-29e1028b48ca,8030525136.18359,476953.659531883
44,Somali,Siti,050104,Erer,01891322-6cad-42f6-82cf-9687438d2cd9,4235354883.20313,457974.439487511
45,Somali,Siti,050106,Afdem,60886c56-1b5c-43ae-86c2-3828a977f48c,4559710032.97607,417383.842084426
46,Somali,Siti,050103,Shinile,2dc0f60b-60d4-4144-ad11-188914c744a2,8988882592.56201,412212.245503244
47,Dire Dawa,Dire Dawa,150101,Dire Dawa/Town,b5599cbf-2392-4908-ad8d-05e7a4dfd4d4,90958146.7749023,39292.7940617296
48,Somali,Fafan,050205,Teferi Ber,ed0a2480-a30a-4f14-8ed0-2c091a2acb26,3534588788.90674,304395.068100786
49,Somali,Siti,050102,Dembel,2b093538-a7e6-4f13-b9a8-968ee2687f06,2548323822.01855,208807.345996269
50,Somali,Siti,050107,Miesso,c7e1be91-98d8-4a40-8aeb-7cbb64cd9e5b,3205226536.97363,259206.994597169
51,Somali,Fafan,050204,Jijiga,2e984907-54ef-498e-a158-70642326e00a,2091051003.03125,222367.864850289
52,Dire Dawa,Dire Dawa,150102,Dire Dawa,b82397c5-a1b2-41a9-a54c-0dce4e6404ea,999675279.944824,218752.996455417
53,Somali,Fafan,050206,Kebribeyah,b0064156-5b0f-41e8-bdf1-b07f94351f6d,4735371460.75146,327840.302415526
54,Somali,Fafan,050207,Hareshen,c0cdc1e8-7f6c-4f77-bda3-5558f40c510c,1349588790.8999,165798.047467724
55,Hareri,Hareri,130101,Harar,44ab41f5-7b66-47b7-b6a9-25b516a11fc4,383189672.355469,85627.6782910576
56,Somali,Fafan,050202,Gursum,a84a6236-b1b6-4da4-85ef-d16e43c308bf,343072874.397949,85108.6669810213
57,Somali,Nogob,050406,Dihun,569173bc-cb59-468c-9125-f76948a3e9c8,1965030001.84424,209841.392209252
58,Somali,Doolo,050703,Geladin,ae30957e-b548-4971-b4b7-a41c85b28099,4445699486.71631,293538.54443216
59,Somali,Fafan,050201,Babile,3bdf9e0e-7fb0-43c8-a059-eaeafcc8e250,427614507.818359,83887.3844400638
60,Somali,Jarar,050302,Degehabur,fbc84976-0748-4ad6-ae39-1b8a2771684a,14934868675.6628,631464.342662772
61,Somali,Jarar,050304,Misrak Gashamo,cc9bc58e-750c-4cf0-966d-9db3386c9c4c,15102561670.7695,540678.435712935
62,Somali,Jarar,050301,Degehamedo,468f7b11-94f3-4183-ac35-1fa666ff6cae,4687441119.12524,320971.030501795
63,Somali,Doolo,050701,Danot,1d2e5bc3-f476-40f5-a091-8fcbfe879f35,14604076966.8318,547795.635116009
64,Somali,Nogob,050402,Fik,310a1bd0-ffa2-4007-a34e-5f53c77c8417,3900029022.71094,267578.808280329
65,Somali,Doolo,050702,Boh,6c3cd9fc-3439-430d-8fcd-23ac437846b7,11891681728.3142,495552.812965532
66,Somali,Nogob,050404,Hamero,ba81ea1a-d390-4d7e-ae59-0d187fd5cbc5,3086294001.25586,241625.349971969
67,Somali,Nogob,050405,Segeg,8edb4df9-d89c-4f04-a75d-1b4689e6c927,1747184460.49512,191037.330222712
68,Somali,Nogob,050403,Gerbo,a9e08118-fbfb-480d-8a0f-42fedbbf0883,1012026153.45728,158572.940828082
69,Somali,Korahe,050501,Shekosh,d0560265-7b73-4afd-8b54-61a154640948,4845178061.48413,293017.085431992
70,Somali,Doolo,050704,Warder,63ba3dd4-5f4c-479a-85ec-41bb72f80f03,22722294344.3586,663143.864253787
71,Somali,Korahe,050502,Kebridehar,fd73be5a-089a-41e1-bc7f-5b2119795336,13791448024.6467,508030.472295217
72,Somali,Korahe,050503,Shilabo,3d48c282-804b-4ac9-a624-331652f10dee,9381757595.99585,450450.308184156
73,Somali,Afder,050803,Goro Baqaqsa,0973f284-4192-4775-8785-2dc60172e44f,4230417776.36597,287847.127809776
74,Somali,Afder,050804,Serer/Elkere,b7a097e2-53ff-41d5-9c2c-a2f3cdd91a12,7277936177.37305,402006.216278739
75,Somali,Korahe,050504,Debeweyin,a9fa93ee-abad-41b0-8282-912263a50ba4,4854211308.84106,330780.745942745
76,Somali,Shabelle,050604,Gode,d544f363-8dee-4691-9b09-7a876667ee79,4049003656.75244,276335.727940293
77,Somali,Shabelle,050605,Kelafo,7abf74a0-c906-47fb-a4cc-4839916a4983,2907351333.24121,252162.665792219
78,Somali,Shabelle,050606,Mustahil,fe684656-0a97-4787-b8cc-6ca34edbae7f,4053487510.96387,286088.443139953
79,Somali,Afder,050807,Bare,7a40524d-f651-452d-84b9-6485e566cb24,20628578645.8467,713117.201829602
80,Somali,Afder,050802,Chereti/Weyib,83ad3888-bc3a-473c-bfd7-a2ebce0a1b40,8032436634.50024,360577.408215804
81,Somali,Shabelle,050607,Ferfer,9cb91070-bb0e-4a8a-8d95-b5d9deb74550,3797494689.76099,274596.932594938
82,Somali,Afder,050806,Afder,41ba1b7b-6bf4-44e5-a643-ad0a9e0bba70,6345076969.39941,389171.419450858
83,Somali,Afder,050808,Dolobay,27091d97-2ba8-4405-b527-17eef3302bed,6467981134.25415,372550.820633151
84,Somali,Liben,050903,Moyale,90d47241-8db3-4609-aede-fcaa62ff6d79,12353964921.2189,550727.235716965
85,Somali,Liben,050902,Dolo Odo,9dce44c0-43cd-49e5-b8c9-890452b85760,9642455242.37488,421566.476598458
86,Somali,Nogob,050407,Lagahida,529e9239-69cf-4c16-82f6-77e09b9d6932,711275181.473877,138137.771631858
87,Somali,Nogob,050408,Meyumuluka,b09af2d7-d503-4fae-9a6b-0b357f06d302,1241305689.42603,161337.624770932
88,Somali,Nogob,050401,Selahad,41caec68-017f-4b8f-9851-4ac4d51459c0,882063102.227295,149545.241723232
89,Somali,Afder,050801,Guradamole,fee2cbfe-d957-496b-bc17-de9ad64775c6,4029195320.08643,257634.386442155
90,Somali,Afder,050805,West Imi,c25dbf39-1cf1-4d59-aa4b-915f2efda45e,3612141699.28809,301011.246717258
91,Somali,Shabelle,050602,Adadle,a6e5d367-f5d5-404d-a72f-3ada53d7fbd9,3238273137.92896,259758.179638245
92,Somali,Liben,050904,Hudet,e51cc076-6f02-4c94-bf8a-d2983fc310e5,4072202021.05103,270432.802852235
93,Somali,Liben,050901,Filtu,135e4391-9e0a-4ef6-8d48-fa83103ac3e2,10612894047.7546,455058.421396766
94,Somali,Shabelle,050601,East Imi,1fac0d8b-e457-4945-9e8c-baed5d87af72,9735249773.90894,403727.106923736
95,Somali,Shabelle,050603,Denan,228fd51d-7571-4454-b141-c6071d552dc6,6002278287.29419,369506.765405723
96,Somali,Jarar,050305,Gunagado,3cd36aa3-352e-4a38-ba88-d86d78469350,2230919025.70728,208154.765584484
97,Somali,Jarar,050303,Aware,d9324834-a43c-4634-b05b-9de1d95eb937,3674491412.51074,302184.217697041
98,Gambela,Nuer,120104,Wantawo,21af5aaf-2a7c-405a-99a2-cdc80fc310a7,916420657.39917,167353.416352219
99,Gambela,Nuer,120101,Akobo,5aa588ea-9b88-4f32-9b59-b99972701e23,2175128177.66089,222668.271987917
100,Gambela,Nuer,120103,Jikawo,218a944f-9ff9-4a9e-8d3b-167f94379e82,1141834660.38428,153052.736642247
101,Gambela,Nuer,120102,Lare,623ed708-e953-4af0-aaa7-26bab39310e5,687524772.326904,134580.873824007
102,Gambela,Agnuak,120200,Gambella Wild Life Reserve,96ceaafc-bcf3-4854-b0ca-6ceb5def5e73,487388679.723389,100937.455070728
103,Gambela,Agnuak,120207,Etang,df041065-4552-4dac-9837-c7490adab368,2262623312.30737,236465.82393743
104,Gambela,Agnuak,120202,Gambela Zuria,b0018552-5320-42ee-8026-5d8dba5e465d,3453478314.8269,325739.998165467
105,Gambela,Agnuak,120204,Jore,7435e1cf-f455-442a-b0c8-da6138187770,3466542576.46265,317542.915297942
106,Gambela,Agnuak,120201,Abobo,7045d6aa-32e9-4bf0-ab17-5ed9c4a1f50c,3184459663.34033,333988.077305805
107,Gambela,Agnuak,120203,Goge,6e31fd2d-4ae2-4ba3-869b-a2c1714c0bc2,3298708039.25537,326016.281720902
108,Gambela,Mezhenger,120208,Mengesh,354d1663-ebcc-4cf7-9b53-71ae583eba8a,1785908890.12134,225626.496840055
109,Gambela,Mezhenger,120301,Godere,582a5556-504d-44d2-9782-cbe6f0e82e91,596928075.817627,174731.613652797
110,Gambela,Agnuak,120205,Dima,1ae5cc1c-22b6-4228-8445-667bb0060d62,7933334801.00024,524108.553357478
111,Beneshangul Gumu,Metekel,060202,Guba,b0511191-5c30-4a81-b52b-875b26a9fdb6,7277717560.23193,496894.479252184
112,Beneshangul Gumu,Metekel,060206,Pawe Special,c351cdb2-2aa5-4c38-b370-ef8ed01fcdbe,568670378.116699,142137.344741233
113,Beneshangul Gumu,Metekel,060201,Dangura,36a4bae4-8f46-404b-a824-c4e6759e9c00,5245646342.83594,386689.134422
114,Beneshangul Gumu,Metekel,060204,Mandura,cf963e4a-19b9-4e1d-afa9-70b94a2b649e,1125010888.23682,207695.191696236
115,Beneshangul Gumu,Metekel,060205,Dibat,9b1fef47-464e-4f5c-841c-e678589e3e03,2325063157.62744,298699.822176835
116,Beneshangul Gumu,Metekel,060207,Bulen,ee7f048b-d3f4-48b4-ab2a-3c817954606a,3132527393.84961,304973.427180016
117,Beneshangul Gumu,Kemashi,060401,Yaso,c83791ee-5b87-41ed-95da-e1268e416d48,2694869397.73389,424469.086133766
118,Beneshangul Gumu,Metekel,060203,Wenbera,d91e79d2-6cc4-438b-9882-6cd4b141a3d7,7179730794.3457,412286.36481785
119,Beneshangul Gumu,Kemashi,060405,Bio Jiganifado,189788cf-44cf-4959-b1f7-a9b0ed46ce47,1699161756.99023,310354.173632942
120,Beneshangul Gumu,Kemashi,060403,Kamashi,9fa90f69-88cc-4764-a86f-fa356971a072,1494060417.83569,242362.41773556
121,Beneshangul Gumu,Kemashi,060404,Agalometi,1301add9-8213-4910-91ef-b5806b0c7ba2,1813063621.43408,215723.60866994
122,Beneshangul Gumu,Kemashi,060405,Bio Jiganifado,d454270d-dfe8-443b-a264-057455740030,19170662.262207,19073.4796531135
123,Beneshangul Gumu,Kemashi,060402,Sirba Abay,148303b2-0960-44fa-babe-0c4a875d0a2e,2760509237.71875,417729.13949723
124,Beneshangul Gumu,Asosa,060306,Bilidigilu,9004618c-23fc-413a-90f1-b5591b399286,1657427929.37476,236936.400184358
125,Beneshangul Gumu,Asosa,060304,Sherkole,a31d7841-ca11-4d4a-a936-b881d1ccb362,2159753520.08154,242600.49337179
126,Beneshangul Gumu,Asosa,060301,Menge,d1179652-a34d-47a4-96e5-e4531d0c8a3f,1587334074.05103,181469.666336948
127,Beneshangul Gumu,Asosa,060307,Homosha,693bc994-1e3c-45ac-b330-2b8094e873bd,649097665.145264,122904.067323861
128,Beneshangul Gumu,Asosa,060302,Kurmuk,31c777b4-0695-4249-b0e3-0825d1097afe,1308696380.97656,175977.561923983
129,Beneshangul Gumu,Asosa,060303,Assosa,bb91e13f-c295-4ea5-8a36-a9037ceeb6fb,3087876135.70044,303848.184993093
130,Beneshangul Gumu,Asosa,060308,Maokomo Special,ae3da37e-6d76-40d1-a3d0-6d4c27a4f5c0,3114641344.07813,274950.50012174
131,Beneshangul Gumu,Asosa,060305,Bambasi,ad89667b-d72d-4a42-950f-ef501f534042,1379606707.73315,198631.095931663
132,Amhara,West Gojam,030713,Debub Achefer,ba79b54b-a762-4112-9f0d-60c9c7e708e0,1256251826.06592,235073.843979386
133,Amhara,South Wollo,030408,Albuko,5a38ad41-1aeb-4acf-8a8f-b2111e7afd3b,485209240.467285,134712.882844212
134,Amhara,North Gonder,030115,Alfa,ece056ba-aba0-4dae-955f-2ae9b914b1fa,1988677755.51318,270489.593268307
135,Amhara,South Wollo,030404,Ambasel,84f9137d-eaa8-47f0-9b05-c233ddd24aa4,946007661.37207,170715.724726574
136,Amhara,East Gojam,030617,Aneded,df916f1d-7d2f-4b51-86b9-bf17ca57d27c,673662685.294922,187996.63456029
137,Amhara,North Shewa(R3),030513,Angolelana Tera,cb748447-d051-4b50-b972-4235ac7716c5,863370332.122559,219319.095472067
138,Amhara,Awi/Agew,030903,Ankasha,b7431940-3c7e-4924-8913-b78cc8043860,1103789526.43066,195309.08800418
139,Amhara,North Shewa(R3),030515,Ankober,6093ff32-c3a9-4703-94d2-f8a1c05a7445,728892869.46875,135484.01058031
140,Amhara,North Shewa(R3),030507,Antsokiya,0b475a28-4b47-4669-8aac-bb452046924d,395486010.810059,120580.518611541
141,Amhara,Special Woreda,031201,Argoba,cd3d5aca-88e7-4016-bcac-b065c154d433,322953002.240723,109324.324027299
142,Amhara,North Shewa(R3),030514,Assagirt,3a993ddd-40cd-4fd0-b8b8-e4aff0462055,533813289.87793,134449.28689152
143,Amhara,East Gojam,030612,Awabel,5dbc23c4-26e8-4a67-8e4e-9a5ae0931fe4,854392916.900879,193676.34233815
144,Amhara,West Gojam,030702,Bahirdar Zuria,2ed8e5fd-1a17-4253-ad1f-90a5a7a0a836,1612755928.76953,361195.480242388
145,Amhara,Awi/Agew,030902,Banja,9370f8f2-c5d1-4d5e-b9ff-51c914559614,513736062.773926,183596.267978683
146,Amhara,East Gojam,030611,Baso Liben,a1234705-e102-42b5-a196-e3d1d13d32a4,1154684957.03662,162946.375043929
147,Amhara,Oromia,031002,Bati,ba862cdb-410f-44fd-97b4-05cb0e8d8815,1194865708.24707,185697.666464845
148,Amhara,North Shewa(R3),030517,Berehet,79dba8b8-c627-42a1-9c28-b99c5c5a1bf4,801593518.206055,141777.158246207
149,Amhara,North Gonder,030102,Beyeda,c0f6502e-55fb-4c17-90fc-eaf0259505d9,1267642627.72168,219350.527288568
150,Amhara,East Gojam,030601,Bibugn,172f0407-d688-4f6b-b5ae-421002bfc377,413594119.097168,166574.963219877
151,Amhara,North Wollo,030301,Bugna,e68904b2-a4b8-4d45-b058-a9bdf3302cac,1257184134.0752,162688.840351515
152,Amhara,West Gojam,030710,Bure,bb39ee50-dfdb-47e9-8e54-a43e95c5e16c,835640633.310547,229175.384360781
153,Amhara,Oromia,031001,Chefa Gula,d4e0ae27-44f6-47c3-a00e-58f0a0ee7f24,690794894.882324,178158.448061693
154,Amhara,North Gonder,030112,Chilga,48c3f7d2-ce7a-49c6-b2f7-b18376ec045e,3396760839.24268,356835.505829374
155,Amhara,North Gonder,030105,Dabat,bb30e18c-7ec6-4b71-a40f-cede167fadc2,1286207806.08154,235117.106117733
156,Amhara,Awi/Agew,030901,Dangila,41d9eeb4-2b92-488b-b91f-b5033a69cf58,926228013.17334,188880.800112942
157,Amhara,North Wollo,030311,Dawunt,2c96e7e4-4dca-44d5-bf77-a4a409c7a615,648303272.997559,127974.712491676
158,Amhara,North Gonder,030104,Debark,9a147851-aded-42e7-ad4c-cff655d88de4,1656635903.18164,344294.020162091
159,Amhara,East Gojam,030607,Debay Telatgen,71f9134e-0764-45f7-a203-09c4849c8eab,654622212.065918,142650.40182302
160,Amhara,East Gojam,030608,Debre Elias,436d9b03-2df6-44a3-bdbb-80c7c1d1f563,1202876119.4126,189047.187137591
161,Amhara,South Wollo,030412,Debresina,ee99d263-6161-49e5-a583-c74fa11d4e39,1031391001.9668,152969.870584606
162,Amhara,West Gojam,030707,Dega Damot,a98a1f78-bd65-4128-a5bc-7395f93b0193,859422493.306152,181922.049349925
163,Amhara,Wag Himra,030803,Dehana,0c64b8f0-aa68-4307-b08d-dd81d83647ad,1782278291.8877,195437.58260438
164,Amhara,East Gojam,030613,Dejen,43757109-feac-4b92-8cc2-bf501f452ca3,654019237.56543,130727.121970601
165,Amhara,North Wollo,030306,Delanta,6cb0848c-75f3-4727-bcb5-19f330ff0e1d,1107057548.8833,185504.486968901
166,Amhara,West Gojam,030708,Dembecha,a7061498-81d4-49a5-b210-d10a377f57e0,1002842621.88135,202343.07148914
167,Amhara,North Gonder,030111,Dembia,3e76ecad-4a39-4ca2-850e-151ffb34a5ea,1372648250.08789,220240.838601882
168,Amhara,South Gonder,030209,Dera,475cd5af-6a33-426c-92fd-38463f80df47,1645107118.96338,277886.584813537
169,Amhara,South Wollo,030409,Dessie Zuria,2b481059-90a6-4081-9dd4-986765fb83eb,1269581115.67285,279183.220135041
170,Amhara,South Gonder,030208,East Esite,ccd8e6f2-c016-4b25-b277-f78ff509997d,1326513753.22412,289771.381740665
171,Amhara,North Gonder,030117,East Belesa,38bf010a-0bd0-44b3-bb5e-f481433b5f28,2007627256.77246,241577.095487212
172,Amhara,South Gonder,030201,Ebenat,6854bbe1-e212-4dc3-afcb-c56bc4fbb9c6,2645703797.06445,263113.914828594
173,Amhara,North Shewa(R3),030508,Eferatana Gidem,0b353c5c-1812-4be7-898d-061ab8b4a386,527314258.047363,154759.902892378
174,Amhara,East Gojam,030605,Enarj Enawga,43a2ce06-7bd0-4c7e-851c-1f8139b768fb,985137618.46582,164569.334271558
175,Amhara,East Gojam,030604,Enbise Sar Midir,a788d1e4-6416-40c7-8f81-efa5c269fe13,1119619702.04248,150079.516963895
176,Amhara,East Gojam,030606,Enemay,88a86bd9-858b-4560-b50e-9cd0391e8ee9,755267416.743164,171472.605186965
177,Amhara,Awi/Agew,030905,Fagta Lakoma,6e3d2c5e-7761-4511-98b0-bf1402cf43b4,704550341.048828,169477.154612888
178,Amhara,South Gonder,030204,Farta,c2f1a941-acc7-4a29-bd60-61f18ef4ff7e,1274590426.50879,180081.217054946
179,Amhara,South Gonder,030203,Fogera,3bbca180-0cfb-4915-8720-cc8fcd61e0b6,1154208602.81934,209282.779582881
180,Amhara,Wag Himra,030804,Gaz Gibla,d4ebb711-7f5f-450a-a467-f1957e02d953,1003252895.30127,167943.222600451
181,Amhara,North Shewa(R3),030505,Menz Gera Midir,acb175d4-ef70-4913-a24b-b412bd7f5a8a,1139918316.7749,191884.881086729
182,Amhara,North Wollo,030303,Gidan,f024c4bb-08a8-4d98-a51d-c01f8b6b56d6,1294396436.45801,199928.021433793
183,Amhara,North Shewa(R3),030506,Gishe Rabel,5c25d2e5-03d4-4020-8698-c3c0aa90f757,700569465.633301,135505.199517095
184,Amhara,East Gojam,030603,Goncha Siso Enese,a7a732f8-7154-40ad-bef1-b3edd80049e5,1110501600.68604,181444.686982789
185,Amhara,North Gonder,030110,Gonder Zuria,730e8112-f675-433c-8bf9-fc55f6a060f0,1506185329.01563,268588.949233924
186,Amhara,East Gojam,030618,Gonje,b918b799-af9f-4ab1-81a3-dc32f9e43f24,251699855.56543,101075.576592146
187,Amhara,Awi/Agew,030907,Guagusa Shikudad,bc03a9ad-eac0-4f76-b4bb-abc95bde3b0c,316812138.035156,120770.99667584
188,Amhara,Awi/Agew,030904,Guangua,c333faf2-c28a-4143-b21c-98340ccd7a50,2430916141.44287,279760.154080187
189,Amhara,North Wollo,030307,Guba Lafto,c2230863-90c1-48b2-91a3-8641e5cb1b61,1059975255.73486,252823.199621722
190,Amhara,East Gojam,030610,Guzamn,539cedba-dd94-4ab9-b882-7075dab9e3e2,1063951005.6001,192492.146092743
191,Amhara,North Wollo,030308,Habru,8f1d8b30-9ff3-4689-aa47-0b3049fe854f,1417883816.49121,201444.126757276
192,Amhara,North Shewa(R3),030516,Hagere Mariam,54ab4288-0799-4173-ba88-5d58ecddedd5,711012585.603027,140006.036518294
193,Amhara,East Gojam,030602,Hulet Ej Enese,8f794e10-c97f-4750-af1e-0a4e9d0c0976,1507924533.76953,215572.539712143
194,Amhara,West Gojam,030709,Jabi Tehnan,b12fa89f-d977-4a08-8545-25e2566f339d,1253189752.64453,223521.333869176
195,Amhara,South Wollo,030414,Jama,92e3ba3d-ac9b-4413-aa21-22b9959e610c,1085409364.35156,171438.701482626
196,Amhara,North Gonder,030103,Janamora,fa00f72d-dd9a-43eb-a4f7-3e836a62f832,1903988498.60449,272082.252564831
197,Amhara,Awi/Agew,030906,Jawi,f24ca862-5646-43dd-95e9-2605f6100f8f,3366306169.50732,504816.039829731
198,Amhara,Oromia,031003,Jille Timuga,a8b9d44f-a8d2-4f03-90c9-3e3d493e43d4,893313774.53125,147582.703861632
199,Amhara,South Wollo,030407,Kalu,8cfcb0ac-9dcf-42b4-95f9-31a90b4b9a95,974382201.070313,224172.382989458
200,Amhara,South Wollo,030413,Kelela,1fbe187b-d082-4059-931f-772ccc44a521,1650827611.74414,202975.210283526
201,Amhara,North Shewa(R3),030512,Kewet,37b21cb7-a9b7-4944-9a50-de192dd94465,763208238.307617,171848.27260633
202,Amhara,North Shewa(R3),030521,Menz Keya Gabriel,47550539-a4c4-4f47-b51d-865e9622248a,566551647.790039,141481.887543346
203,Amhara,South Wollo,030403,Kutaber,16a91570-dc26-490a-b847-8226a3e6f766,773295640.72998,141036.83256508
204,Amhara,North Wollo,030310,Lasta (Ayna),07a74765-dcda-4304-8555-cc6e6e113e30,1132474125.87988,202082.44501839
205,Amhara,North Gonder,030108,Lay Armacho,6f9aca7e-3c13-42b9-a7c5-1319c8af2cb0,1104716299.95313,210637.309114449
206,Amhara,South Gonder,030205,Lay Gayint,9454b720-36e1-41be-b216-c3410dbb84ea,1606900320.72119,228032.185330117
207,Amhara,South Wollo,030410,Legambo,f8d9ac27-0e0e-4f78-a77e-73cd759c95b6,1032657969.81201,215559.613616048
208,Amhara,South Wollo,030420,Legehida,519f4ed2-0785-47ad-888e-468f1e015f17,402604102.323242,92003.1942332483
209,Amhara,South Gonder,030202,Libo Kemkem,a809d60c-ab87-4696-b755-85eb6e9b167e,1070266853.59814,219402.390724692
210,Amhara,West Gojam,030704,Mecha,b32e7a95-52f1-4878-b52a-708e3063ec46,1574273426.79102,251526.625586191
211,Amhara,South Wollo,030419,Mehal Sayint,d407b3db-6810-4f4b-8dfe-07993e3d3a50,644953814.312988,110989.56348227
212,Amhara,South Wollo,030401,Mekdela,9e068bf0-c861-4e24-be62-4d3433e07d0d,1542410703.35498,211516.979279315
213,Amhara,North Wollo,030304,Meket,4651b98f-a6be-4775-b3a3-6bc7c2db3860,1994559541.63379,263308.358308973
214,Amhara,North Shewa(R3),030522,Menz Lalo Midir,cfce810e-999a-4738-b9f8-796299f261c6,390744483.915527,116314.574559393
215,Amhara,North Shewa(R3),030509,Menz Mama Midir,34efa364-0e84-43d3-aeb6-90b13c9b8bdf,666254683.604492,167576.357220675
216,Amhara,North Shewa(R3),030502,Merahbete,347f585c-62ce-4957-9487-7e921aff7765,1061959576.41211,192516.004243204
217,Amhara,North Gonder,030113,Metema,c6d75573-c1f2-4a07-bb2d-b31bd61456b0,4004084152.94092,457062.65798186
218,Amhara,East Gojam,030609,Michakel,69573024-a8dd-4071-9b77-2448bce60b75,693263098.972656,210789.141651489
219,Amhara,North Shewa(R3),030501,Mimo Weremo,a9f1d153-4820-4c88-bc35-e7376deb836b,880045266.582031,153025.042140761
220,Amhara,North Shewa(R3),030518,Minjar Shenkora,75f18419-0fdb-4dfe-af47-2177e9454e00,1750835411.76733,220359.555095575
221,Amhara,North Gonder,030106,Mirab Armacho,13ec0bca-7374-432d-817d-30ec5962eeb5,2795235711.59424,338646.729344931
222,Amhara,North Shewa(R3),030511,Mojan Wedera,5a4bcb2c-713b-46d7-9feb-614c575995e3,643861589.905273,149311.477089995
223,Amhara,North Shewa(R3),030504,Moretna Jiru,5975159e-c268-42c5-b8e7-2e8dbe1aea44,730908964.742676,141865.251380049
224,Amhara,North Gonder,030114,Quara,678f8a5a-c664-4feb-861b-34efb2f4adea,8941362553.41504,501434.407271403
225,Amhara,West Gojam,030706,Quarit,d90ccfbb-c7bc-4d92-bffe-4b978a6587a3,642403031.295898,168175.827546358
226,Amhara,Wag Himra,030806,Sahla,e6e1d345-bd83-4587-8d39-fc25972575e7,1218529575.97119,219132.324347696
227,Amhara,South Wollo,030411,Sayint,dea1a937-d0e6-4921-8ef8-c8a9bb7eef85,1539185172.35303,216086.370942151
228,Amhara,West Gojam,030705,Sekela,dcd8ec2f-eeba-4500-a6f4-9015a6d5545d,799930531.184082,201639.626257647
229,Amhara,West Gojam,030701,Semen Achefer,a1e66a69-a308-449f-9828-a33b3b18ae04,1222680849.44531,235467.074476279
230,Amhara,East Gojam,030616,Senan,5be1ea6f-d853-4e4e-8f78-d73165b2c121,807427638.370117,183081.622038527
231,Amhara,East Gojam,030614,Shebel Bereta,43aac473-ffa8-46ba-b571-6bea2b4e7570,937050757.056152,166620.46904519
232,Amhara,South Gonder,030207,Simada,f3ab722a-3e96-41d4-849f-3e816dc1b61e,2333217340.51807,236105.741039336
233,Amhara,North Shewa(R3),030523,Siya Debirna Wayu,803afedc-6f64-4ed7-8e63-fe4bfa077014,492230030.404297,157658.162031311
234,Amhara,North Gonder,030120,Tach Armacho,4fe84d0a-1bff-435a-84e2-e4cc2e238eb7,2774970851.54395,321781.549913044
235,Amhara,South Gonder,030206,Tach Gayint,c99b6796-260b-4519-baf1-b0757740eb89,836916498.242676,156349.60217883
236,Amhara,North Gonder,030121,Takusa,1957a730-0a37-4a98-a4db-3d6ab5f809c4,1985752062.43506,263336.577457695
237,Amhara,North Shewa(R3),030510,Tarema Ber,f0d1eeeb-7219-4037-bbe0-18b82ab6b15c,611639481.561523,176752.821224504
238,Amhara,South Wollo,030402,Tenta,b2a3889e-265d-4b74-a677-d56d5814b339,1392363023.31836,214325.042432635
239,Amhara,South Wollo,030405,Thehulederie,dc70a4e2-b104-47db-8c94-6e4ded6ebd26,479241928.042969,116275.471306004
240,Amhara,South Gonder,030211,West Esite,8201a8e6-7943-4b78-9d11-d4a68491bfc3,966568446.480469,154561.32604712
241,Amhara,North Wollo,030305,Wadla,e785391a-bb2f-4675-ae5b-e1888ddd5da1,883636840.620117,176624.157207676
242,Amhara,South Wollo,030416,Wegde,e79f35e2-4e23-4a79-9532-72cded6b5c9e,1147600423.79688,180052.933345151
243,Amhara,North Gonder,030109,Wegera,aeb00624-6431-436b-943f-9fb1ab192156,2017058774.66699,271651.702231985
244,Amhara,West Gojam,030711,Wemberma,258125a3-9fc7-4fd3-8917-e281940d63d2,1404526702.4165,205607.641360372
245,Amhara,South Wollo,030415,Were Ilu,fdf5b301-1315-4fb0-aa82-b25237cb6f8f,797413167.43457,187612.327817718
246,Amhara,North Gonder,030116,West Belesa,e8ab9691-cb94-4ae6-bd2d-4674d975910d,1213850976.01123,255903.862510243
247,Amhara,South Wollo,030406,Worebabu,49dbf963-e4de-45ab-a050-56af8c983dd3,788898346.120117,128132.484856406
248,Amhara,West Gojam,030703,Yilmana Densa,fd712f81-7aa3-4fb1-ac32-07f341e306e6,1463307211.84717,211370.084045354
249,Amhara,Wag Himra,030801,Ziquala,df9fe01a-902e-4d2e-9ced-10fa197b0eea,1794761456.67432,264309.904173193
250,Amhara,North Gonder,030107,Tsegede,09ef9dfc-af5c-43f3-b33d-440bc316d82d,2072926036.18457,388611.898043945
251,Amhara,North Gonder,030101,Addi Arekay,5f2f75e2-9468-43be-a10d-215f56e84053,1398176288.33203,272532.693447407
252,Amhara,North Gonder,030119,Tselemt,2b7a8767-ecdc-4951-b251-e9e68b0c2e48,683319069.099609,206097.079216521
253,Amhara,Wag Himra,030805,Abergele,2e2fcf0a-99d2-43f6-804e-ec7110a197cf,1600212842.68945,290487.121457887
254,Amhara,Wag Himra,030802,Sekota,f6c2fe27-d2b3-4fe3-808a-e32000f726a8,2054864136.17041,250258.84592201
255,Amhara,North Wollo,030302,Kobo,7e007362-3219-45cf-a0b5-7062a6d1a472,2046051942.72705,237151.519707123
256,Amhara,Oromia,031004,Artuma Fursi,336db32e-ea8b-4cce-921c-6e1e16fc642a,668198230.373047,139307.085901191
257,Amhara,Oromia,031005,Dewa Harewa,a9de0e26-4615-48f2-adf8-9fd114e3a41b,495303896.19043,110649.551473182
258,Afar,Zone 2,020207,Afdera,a85a8f0b-6455-4806-8e1d-abe20e0ce5f5,7744426883.54492,414769.833931877
259,Afar,Zone 2,020201,Erebti,d4b9a8a8-b753-4d9b-b7fc-4cf113ff7026,2607344471.96729,215671.682882007
260,Afar,Zone 1,020102,Elidar,e8c90163-3f24-40b2-ab22-cb90817bf7ec,12282194249.0366,516464.246039081
261,Afar,Zone 4,020403,Teru,e2c11790-0229-40f7-a4b6-3a094994af6e,3865193806.04297,252490.087173857
262,Afar,Zone 1,020101,Dubti,cdd90bce-f7c1-45b1-806c-6e0c14e0b931,6437362115.96289,494215.262959115
263,Afar,Zone 4,020401,Awra,e276f492-c121-4ba5-a6fe-f0b44603a38b,3174026294.29639,246798.396580189
264,Afar,Zone 1,020103,Aysaita,31216183-b862-47ef-9788-3db46c4eb23a,1420467581.81152,199532.603460662
265,Afar,Zone 1,020104,Afambo,7e0c1356-f80f-4ca7-81d0-a98387162e6f,1967940552.83643,187015.305683981
266,Afar,Zone 3,020303,Gewane,c8540210-aa7f-47ad-83d9-e6fbe3f91d52,8999906912.2041,504552.678059849
267,Afar,Zone 3,020305,Bure Mudaytu,56a6c086-110d-4a7c-8267-2cb6abd75fe9,1147457976.09863,175361.48999729
268,Afar,Zone 3,020301,Amibara,bbe45d25-097b-4e62-a53e-a0ff903bcc04,4052482103.44141,325482.754053588
269,Afar,Zone 3,020306,Argoba Special,8287621e-6ef5-4862-abef-d2bf1b15755e,606397052.104492,157819.901661688
270,Afar,Zone 3,020304,Dulecha,4e5134b8-bda0-4cde-a2a6-db98959c5b19,1304429107.36572,182879.394926264
271,Afar,Zone 3,020302,Awash Fentale,46b34f6e-ccf6-4086-946b-3891cb5b21d0,1092001349.02197,169316.855439088
272,Afar,Zone 2,020206,Dalul,bf09726c-2e8e-4ee6-9b6e-8a3666a9cce8,3202057718.32568,282179.995284549
273,Afar,Zone 2,020202,Koneba,d99a8b43-3aa6-454a-b5dc-57b2c303d3fc,603458800.788574,112459.050959696
274,Afar,Zone 2,020205,Berahle,5a2289ce-480a-44cf-8bee-5071358421ef,7571544946.10449,436300.324597676
275,Afar,Zone 2,020203,Ab Ala,dbf9ab98-8d08-4b66-8b33-a6757ec0d321,1290232372.56885,165280.012541046
276,Afar,Zone 2,020204,Megale,368b6cea-805e-4c4b-a1ea-d1f747835f96,1635813095.44922,167485.644335028
277,Afar,Zone 4,020404,Yalo,4905da45-7454-4c66-8d92-e4ec385d6e95,1813830348.55518,209768.113023476
278,Afar,Zone 4,020405,Gulina,5fa11864-002c-446e-896e-a3344f1e7a76,1211352478.14648,152447.921305134
279,Afar,Zone 4,020402,Ewa,c4efcb5d-5275-46a4-b9e6-4c31c4ef4693,1258489038.14063,158125.341142868
280,Afar,Zone 1,020106,Chifra,e57a4dda-0c65-4d67-8c86-91ac89daa297,3438740250.61768,255969.885588287
281,Afar,Zone 1,020105,Mile,5c544313-8d6c-4a00-8915-b0738ce41be2,3541283683.21533,319566.66198554
282,Afar,Zone 5,020501,Telalak,18337a2e-448b-4030-b73f-0fba89168b9b,1428515392.24268,177999.724922619
283,Afar,Zone 5,020504,Artuma,9adb7756-43f0-4bfb-b01e-2a292086bc58,456907764.364258,96345.3705476513
284,Afar,Zone 5,020503,Dewe,dc10e072-9902-4cd5-8b32-1f12423da12d,1088371037.45068,156936.803014222
285,Afar,Zone 5,020502,Simurobi Gele'alo,2bd6492f-ddb7-4040-a939-0f209df0a234,1350772380.09424,212582.969821961
286,Afar,Zone 5,020505,Fursi,74785b0f-bc38-42ea-92ff-3529792a791f,1298584804.26855,174914.625217707
287,Oromia,North Shewa(R4),040602,Dera,fa11d464-07ae-4204-af8e-cf457dfd9829,1606763661.79883,185236.554755737
288,Oromia,East Wellega,040202,Ibantu,4deba5e8-fac7-4877-8fa8-a4da40970698,885364567.929688,122533.496711388
289,Oromia,East Wellega,040203,Gida Kiremu,4fe0d690-7af7-4021-9a12-29b7bb0a7760,2711377617.49097,273852.756632366
290,Oromia,North Shewa(R4),040601,Wara Jarso,25788ff1-1c76-410d-9313-3ef53a708133,1277609002.05566,176009.829343699
291,Oromia,North Shewa(R4),040603,Hidabu Abote,ba65278c-d324-406f-9ae6-81a36ef45f07,482291743.915527,101683.634936554
292,Oromia,East Wellega,040201,Limu,b25ffdff-0f12-46e6-8cdb-b4aca1f11034,1282383027.35449,198880.468386554
293,Oromia,Horo Guduru,041903,Guduru,4ca520df-80ef-4949-bc7e-e87fa28cd7af,1493186814.28711,167834.912554396
294,Oromia,North Shewa(R4),040605,Degem,86c42555-7df1-47d0-a09f-79ee02117b77,674832797.762207,128458.700174376
295,Oromia,Horo Guduru,041905,Abay Chomen,833df616-3d16-4b05-843f-2fecc3f68519,789799958.709961,137028.025858609
296,Oromia,North Shewa(R4),040606,Gerar Jarso,603e85e6-bd23-4fe0-83c9-c7d167f9a455,461010988.118652,111123.957740188
297,Oromia,West Shewa,040501,Ginde Beret,70316c1e-a05d-430f-93ef-126e3acd5fec,1318643134.25049,156480.626850086
298,Oromia,North Shewa(R4),040604,Kuyu,4a0d6ad1-2fa7-4391-9648-ef3be9591171,1136857642.68652,153353.027780656
299,Oromia,Horo Guduru,041901,Horo,934cd488-4e7b-46a2-b2ce-bb6dcc609324,739451871.04126,143176.354358821
300,Oromia,Horo Guduru,041910,Abe Dongoro,5294f057-6c39-4127-bdcb-3f7c6a36afec,1108731091.46851,149417.754475561
301,Oromia,North Shewa(R4),040608,Wuchale,d9bad863-f210-45ac-8c55-26367d54515d,692364421.211914,130614.267979273
302,Oromia,North Shewa(R4),040614,Yaya Gulele,3edd70b8-7106-475c-b387-db36d6094aa9,425856336.11084,82922.8125690432
303,Oromia,East Harerge,041002,Jarso,76234ece-d600-46b2-a323-2049f8fb176f,563240281.323242,112061.644668266
304,Oromia,West Shewa,040514,Meta Robi,e2f83bfd-4118-468e-a5c7-e0ea974c2f09,1033207038.69849,154323.016271258
305,Oromia,West Wellega,040116,Begi,1e84cc7e-01aa-4f57-8cba-07cb4ee56675,1066011993.76294,190080.964171293
306,Oromia,East Harerge,041001,Kombolcha,199e3681-854a-4771-bb5b-e0a0cc370c71,458625242.835449,100123.330023612
307,Oromia,West Shewa,040513,Adda Berga,a137bf39-f964-4667-90ee-8f24f5fd5227,1042525174.27905,129016.475808177
308,Oromia,West Wellega,040111,Babo,b90f2bb2-1c70-4571-8464-bc8a7d9b4a37,886286418.959961,123771.357105098
309,Oromia,East Wellega,040207,Bila Seyo,d27b7db6-bf96-4ad6-8068-cea5929fa2ec,800145866.341553,167516.101963066
310,Oromia,East Harerge,041009,Meta,5d015b15-8ca0-4ce0-91be-83efa14a7d22,676813950.012695,115775.428942288
311,Oromia,East Harerge,041006,Haro Maya,488427f8-aa00-4ef8-8f12-15b5382623c9,637305936.036621,113177.396522765
312,Oromia,East Wellega,040211,Sasiga,46ee7066-f9c2-4f18-a760-8bee2d41a170,857895688.764648,159900.888152352
313,Oromia,East Harerge,041010,Goro Gutu,6e6655b0-1956-4988-9ac4-fde434d258cd,418597146.855957,89954.7286523209
314,Oromia,East Wellega,040213,Guto Gida,4df249fe-33c1-479a-9b8e-f2ea7f51c68e,882647170.888672,186427.448126402
315,Oromia,East Harerge,041003,Gursum,95c04e47-a3aa-4dd6-8532-ef055617a55a,820484529.538086,139741.871437692
316,Oromia,East Harerge,041008,Kersa,14f56b72-96c1-4e01-9423-c7e6f6236299,463480371.683105,91373.8751690591
317,Oromia,West Shewa,040502,Jeldu,28531637-d612-481a-b018-0b8537cca1ce,1320945991.92822,180746.254615152
318,Oromia,West Harerge,040902,Doba,4ac1f7be-7063-45c1-b61d-bdef988a9f6f,689076948.977051,124594.898649581
319,Oromia,West Harerge,040901,Mieso,40f8e006-524f-4d2d-af4c-4110ffb90061,2724368674.87793,295117.6192132
320,Oromia,East Harerge,041011,Deder,17896d5f-85fe-408a-b141-79088fb2cfc1,620195330.33252,107435.360943309
321,Oromia,West Shewa,040505,Cheliya,32874d72-0923-41e7-8516-924b4736922e,1140113732.65796,173143.121777986
322,Oromia,Kelem Wellega,041804,Gawo Kebe,3ff5fb4b-d904-45ce-aeed-7f705f57b25d,1364741608.91528,175269.909328809
323,Oromia,East Harerge,041004,Babile,5b748e9e-0832-4499-847a-ed12e69b32be,5389336942.5105,367522.737582917
324,Oromia,West Shewa,040503,Ambo Zuria,9bc0b0fb-aefb-4c3a-9276-1d3e91347c39,1200883266.33496,222521.757365858
325,Oromia,Horo Guduru,041907,Jimma Rare,41a7f53c-e728-481f-a52a-e5c46cf41793,292004412.68042,71850.3629699158
326,Oromia,East Harerge,041007,Kurfa Chele,f11b2bd2-1cdf-4e6d-b2cd-7af5703c8886,241426806.780273,82904.1009890006
327,Oromia,West Harerge,040903,Tulo,5afaa1c0-00e3-4123-8065-71ab55845770,441692322.921875,106466.846778251
328,Oromia,East Harerge,041013,Bedeno,7233b1e7-269e-4ebd-b639-cce2f3f03d30,1004717870.75977,155305.679032278
329,Oromia,West Wellega,040107,Ayira Guliso,ed449d66-9ff2-4a24-a96b-32e50f4ef3d4,948976655.508545,143273.693442573
330,Oromia,West Shewa,040510,Dendi,8d40cde1-86e3-4cdd-acce-1e98371f59f8,1247381667.23047,202533.749716917
331,Oromia,West Shewa,040511,Ejere (Addis Alem),1d0eec3a-e697-4260-8b05-404986884ea1,602343638.433594,132352.962737316
332,Oromia,East Harerge,041016,Girawa,106316e9-ec39-44c3-a57a-7010989384e1,1503814173.56787,183864.140934878
333,Oromia,West Shewa,040506,Bako Tibe,45f5e932-8ad4-42e4-ae82-05be1b988d14,685666419.600586,100276.979200478
334,Oromia,East Harerge,041012,Malka Balo,d4f7b940-e123-4976-a907-6a30970477e2,1425282267.15674,200473.497509396
335,Oromia,Bale,041108,Ginir,55bbc062-7cd1-498e-88f2-0fb53bd90e66,2534396447.74707,294839.481396355
336,Oromia,West Arsi,041710,Adaba,602f0498-25e9-4563-be02-3117a1f2a218,2255087065.32471,234687.836523247
337,Oromia,West Arsi,041712,Shashemene Zuria,26fcc7f9-2417-45fc-aa3c-f992388989fe,790640388.533936,127004.02208319
338,Oromia,West Arsi,041704,Kofele,23bde5ec-a27d-4b96-8827-7cf903c4d428,670057167.383301,149498.56878096
339,Oromia,West Arsi,041706,Gedeb Asasa,b6c7b52c-8fce-4a9c-ae48-85566fe356cb,1073235887.2644,144936.013075027
340,Oromia,Bale,041109,Sinana,ed3780dc-cbb5-453e-9a2a-30dade2f1e51,1174880198.02002,196568.777757237
341,Oromia,East Harerge,041017,Golo Oda,a7b50a1a-26c3-4643-aac0-58d0f321cc52,4151024536.5083,330437.315590383
342,Oromia,Bale,041117,Rayitu,c0977a5b-83a2-4a3c-961d-836726723c1f,5974674101.21777,437292.914675126
343,Oromia,East Harerge,041005,Fedis,13c72bc9-c736-4e55-8053-4dd8911470f3,1186428937.29346,140490.725616375
344,Oromia,West Harerge,040912,Gemechis,757c0543-3d88-46b1-a0da-3b11191ea623,1008772884.42627,142262.872806081
345,Oromia,West Harerge,040904,Mesela,c1de07f3-b29b-481b-a332-631ccff95e77,791052020.814941,111250.704489751
346,Oromia,East Shewa,040701,Fentale,5073110a-a339-42a9-bcd7-33dba85cb19d,1279194216.50854,154796.867404849
347,Oromia,West Wellega,040114,Haru,6c2947ce-6c28-49eb-894a-024d881d2635,483638692.330566,107115.767600295
348,Oromia,West Harerge,040906,Anchar,ad360c59-0f4b-4918-8be6-2ec276b70f71,1001725754.42285,147370.623278601
349,Oromia,West Wellega,040112,Yubdo,d051bb33-a926-4792-910d-e0cf6a1828e6,394067549.91626,84574.9298435136
350,Oromia,East Wellega,040216,Wama Hagalo,77152330-d2dc-4db3-8671-e4593702e108,610978745.181152,110041.231510516
351,Oromia,Horo Guduru,041908,Jarte Jardega,8215949b-e59a-40e0-a4ce-2c8a44dde019,1203361560.4248,150482.866844287
352,Oromia,West Harerge,040911,Kuni,e419d959-5cd9-41b7-97fb-0dfb378e167d,1457341904.61182,208848.407343224
353,Oromia,West Wellega,040115,Nole Kaba,cb48290f-5320-4bc0-89ff-c6f078821627,766629667.088623,123241.102455439
354,Oromia,South West Shewa,041305,Ilu,515bb5fe-b80a-48c1-9832-7aabd39b4baf,375592500.683594,84144.2964968342
355,Oromia,West Shewa,040509,Tikur Enchini,2722c159-11b6-4eb7-8884-e0c071eba628,578581709.267822,116415.551862441
356,Oromia,East Shewa,040706,Ada'a,aaf6842c-a95f-4afe-8c56-51c0e6e686f1,911601944.825195,143783.807776435
357,Oromia,South West Shewa,041304,Dawo,c7b70fa6-7288-4eef-80ac-482b400f7da8,337600499.151367,104703.356692221
358,Oromia,West Shewa,040507,Dano,675d480a-22a1-466b-94fe-ea45c31674b9,661563830.708008,118514.718555079
359,Oromia,East Wellega,040214,Jimma Arjo,f3ede678-1703-4811-8e56-921e0f82197b,801820246.854492,162834.031681033
360,Oromia,Ilubabor,040318,Meko,da232437-fa97-40e8-a1e5-64519291f237,485261790.402588,99033.5677677222
361,Oromia,West Harerge,040908,Habro,8930a546-2af8-42dc-83ce-be196261b23b,708143671.984131,121519.538893625
362,Oromia,West Shewa,040508,Nono,3a3305fc-fe27-4b2f-83a2-7c968ff232f2,778879505.687744,126640.328808756
363,Oromia,Jimma,040401,Limu Seka,0f0f1f33-6245-4036-b7ca-60d9849e55a2,2559825745.26514,252025.727959182
364,Oromia,Arsi,040801,Merti,c3482368-a485-485d-a2ef-022a7ddde079,1103580170.12549,182255.931262629
365,Oromia,Kelem Wellega,041801,Hawa Galan,39eb326c-a73a-4875-89a0-c45028149e66,866390262.313721,129411.415519836
366,Oromia,East Wellega,040215,Nunu Kumba,2b49ae49-d2e7-42fb-83ea-0259c010d344,651861738.162109,122030.995060692
367,Oromia,East Shewa,040702,Boset,a588481b-9043-4f3f-9d0c-9f8824e0b707,1405353800.65625,200929.49495169
368,Oromia,East Shewa,040704,Lome,5f67d364-54a8-40fe-90f3-d0937a2e087e,717975119.265137,137612.754440847
369,Oromia,West Harerge,040910,Boke,1d2a24bf-7248-43f4-b0e7-ad6484d68d0b,3442913758.26001,333345.442803094
370,Oromia,South West Shewa,041302,Wenchi,bcf0fc7c-292f-4f77-a9bb-2bb666464cc5,468541376.064697,95835.0717313368
371,Oromia,South West Shewa,041308,Tole,2c4d0f27-aca9-4aa6-9f24-603310b82d7c,430205066.327881,107218.540719504
372,Oromia,Ilubabor,040301,Darimu,8cfd626b-9c41-4676-af3d-2298c9f55b2d,1378110054.88135,163566.61866741
373,Oromia,South West Shewa,041301,Ameya,33ef7b37-d071-452e-82fa-068eba5a903c,994578751.029541,131869.702146324
374,Oromia,South West Shewa,041309,Becho,92ba6894-e2e9-40f9-81ce-21db4b615329,419189867.784668,94787.4995538256
375,Oromia,East Shewa,040703,Adama,4a7f4744-9554-4d0e-b71e-d8339cfddc0d,1066675904.24805,169531.770475009
376,Oromia,South West Shewa,041303,Waliso,f2f1c16f-74e3-4495-a352-1ff334b750c6,622720198.386963,118442.751216506
377,Oromia,Ilubabor,040302,Alge Sachi,f5a9c5bc-ca07-469f-b34c-3c48df909a35,879939045.437012,151396.074529523
378,Oromia,Arsi,040802,Aseko,4b9b5127-bc21-4bf3-8422-a329e6a0f173,544145659.05249,101049.712919595
379,Oromia,Arsi,040803,Gololcha Arsi,3c7bb3e7-c4ec-48a5-aeec-14872d8a49e9,1746090740.75317,187743.93864063
380,Oromia,Jimma,040415,Chora,24d3edb6-b36a-4b36-bee8-dd170071e785,1592122632.35083,179873.728344527
381,Oromia,Arsi,040804,Jeju,a8c202ac-c371-41f3-9192-e933f7aab983,820154346.541504,138044.322662254
382,Oromia,South West Shewa,041310,Seden Sodo,2c97d13b-eb36-4569-a130-458c1588a43f,506425126.156982,120021.457487219
383,Oromia,Ilubabor,040303,Chora,866a0570-1162-4977-835d-edcf26bcb438,1055488716.427,170692.373996723
384,Oromia,Arsi,040820,Sire,ea1f6632-f4dd-48ed-8708-6fdb567c3d0a,553149993.223389,109284.158321735
385,Oromia,Ilubabor,040310,Metu Zuria,ba196150-9461-4f6f-9147-3ee7ae13b240,779751824.6521,151249.038072206
386,Oromia,Ilubabor,040309,Yayu,98212413-3a51-4168-a5c4-d073d944db13,593167149.102295,112066.954626524
387,Oromia,East Shewa,040707,Dugda,e4a83372-883e-4a83-b5f1-1728e11d1c20,1130597946.01733,195035.497112749
388,Oromia,Arsi,040809,Chole,674eeb81-8fd9-4cd2-84ad-d76278c62349,614162159.680908,121095.106991607
389,Oromia,Arsi,040806,Ziway Dugda,844e0b9d-aaff-449b-95b1-08673e2f3164,1301619270.07056,196221.878297675
390,Oromia,Ilubabor,040317,Didu,907ba305-653d-425f-911c-95cc848a981f,999459982.540527,147156.397047371
391,Oromia,Arsi,040808,Sude,ff5cd77e-3735-45c3-9f9e-a1585e2ca807,1236736337.87842,175535.805559632
392,Oromia,Jimma,040413,Setema,b9db02f4-5b6c-4a4a-9a16-4c4b84a01a48,1134451234.78149,154256.936275177
393,Oromia,Arsi,040807,Hitosa,751b55d2-52e9-405f-b1a5-90df26a0b66f,718354209.427246,141301.950180431
394,Oromia,Ilubabor,040308,Dedesa,44495351-5e9f-4f1a-8745-575a74e9a30e,519333404.568359,109193.173437082
395,Oromia,Jimma,040412,Sigmo,b46254be-4896-4eaf-b5b4-a41c7aac6108,1044702340.8667,145313.002175578
396,Oromia,Jimma,040404,Tiro Afeta,743cfbdb-64a0-4523-bc5e-89f39532a173,931034681.210205,127695.862014015
397,Oromia,Bale,041107,Lege Hida,33f0a392-443a-43db-aa2e-3b3b6f7b552b,5156957698.79468,469735.496740006
398,Oromia,Arsi,040810,Amigna,24cb0e56-62b2-40a9-811a-82efe3061299,1374951057.73486,255942.327420508
399,Oromia,Jimma,040407,Goma,a2d7d247-2d90-4a43-98f2-902952089163,710485903.130371,131627.467135227
400,Oromia,East Shewa,040708,Adami Tulu Jido Kombolcha,5c684fda-7f7f-41ab-8dce-937d3d1ea54c,1282683160.57739,201985.364886368
401,Oromia,Arsi,040816,Tiyo,a589867f-38ea-43b3-befa-6a4385dc1ff5,650279786.341797,117418.776715369
402,Oromia,Jimma,040405,Kersa,016cb06e-922f-4f4e-a2ad-aaba15fec704,1054004873.75635,144666.505531296
403,Oromia,Jimma,040403,Sekoru,670c6de9-9aa0-48bc-85db-723c2d1e71cc,939416401.219482,209537.340206958
404,Oromia,Arsi,040812,Robe,0c7c22ae-467a-4003-bc02-ac71b8745e67,1342053585.34839,240103.842327953
405,Oromia,Jimma,040408,Gera,88ccfafb-b46b-4c46-9dae-f2725dc29c75,1385580542.07129,179731.552782077
406,Oromia,Jimma,040406,Mena,f49c6a18-acb9-4793-94d3-a3108378aa35,538544219.764648,95131.4731053689
407,Oromia,Arsi,040811,Seru,5a9f822c-f869-4852-8d9e-b288dadda245,1695061644.64771,225996.616349987
408,Oromia,Arsi,040815,Degeluna Tijo,9c8b818f-1e71-47c5-92ce-126cd3b7532e,997542276.284424,134422.452219246
409,Oromia,Bale,041105,Gololcha Bale,590a55aa-6428-48e4-8424-5bebe1289c48,2380394716.75,264442.751515957
410,Oromia,Jimma,040411,Omo Nada,518f362b-e978-4390-8e93-08fc2d2b0b44,1720167043.07104,187679.788071171
411,Oromia,Arsi,040817,Munessa,f610a5f1-96e0-4a69-ba10-1d9c1578147b,1065141221.64526,167013.878318457
412,Oromia,Jimma,040414,Shebe Sambo,af94dd45-e702-4a3b-a987-e5ec203f03fc,1272157909.78345,155560.313614367
413,Oromia,Bale,041118,Seweyna,fe907ba5-b5af-4e00-8b33-b4c1025c4f49,8233843015.6665,646049.556007952
414,Oromia,Arsi,040814,Shirka,0329c05e-4c75-4388-bfed-b9ff55716990,1043015225.63159,160800.007389415
415,Oromia,West Arsi,041703,Arsi Negele,37ff2705-6ef2-47d0-9e82-e8da51417f7d,1866345640.30688,221824.090089937
416,Oromia,Jimma,040410,Dedo,8c4e1861-7d01-44cb-abb0-0d2a5a4e44eb,1464564931.09473,181755.463196475
417,Oromia,Arsi,040818,Limu Bilbilo,333888b3-eec5-45a6-853c-0770d230339a,1230770716.79639,183522.626632533
418,Oromia,West Arsi,041702,Shalla,bcbff057-7a12-4d4c-8c7f-157e552e9d94,947712045.000488,160876.871226769
419,Oromia,Bale,041104,Agarfa,3e662ff7-ebe7-4c97-a4a3-6edae54affbd,1245230008.01221,171669.073048832
420,Oromia,Bale,041121,Dawe Kachen,0d4a01ff-8f04-46d5-9319-9496320503fe,1750401800.84814,211797.097348388
421,Oromia,West Arsi,041707,Dodola,66c72ea3-1ce0-4869-a1e5-6294ef46cb0d,1618872692.69604,188372.68003169
422,Oromia,Bale,041110,Goba,62fb9bb0-b17d-4b23-8887-1716faf99c21,1685114176.93848,217330.743614738
423,Oromia,West Arsi,041708,Kokosa,135831fd-c2df-409a-ac7a-d3c60cb8bcbb,679893378.629883,124822.007664166
424,Oromia,Bale,041114,Berbere,ccde52ca-b6d9-4e65-9a0d-9caccff683a9,1373087114.56714,173020.51180216
425,Oromia,Bale,041115,Gura Damole,f908a61a-0a3b-4f82-b021-ce66d9157da7,5356708342.80103,360370.110792575
426,Oromia,West Arsi,041709,Nenesebo (Wereka),b4666f81-9b7c-4f1c-b70c-fa77f5b4ddb4,1737752477.96631,210982.920255109
427,Oromia,Bale,041112,Mena,f702dc02-a358-4e50-a12b-3647f69e1495,4926062483.1311,331640.433022364
428,Oromia,Borena,041217,Gelana,0cf1610f-7ff6-4142-a483-48fd5bd6a05c,1536156865.07495,195974.979811969
429,Oromia,Guji,041402,Bore,c8721f9b-004e-47d6-946d-c52886d9f396,1289923779.23828,194591.019498957
430,Oromia,Guji,041401,Uraga,95f7544f-2ebd-451c-863a-ae37b36033da,801141996.283447,148326.301269569
431,Oromia,Bale,041113,Meda Welabu,62cbff5d-adb4-4a9a-b104-514e71eb0597,8856781638.53564,544443.91994189
432,Oromia,Guji,041403,Adola,21050139-5059-4393-b6e3-9624ee00c873,1308199937.60181,161978.693409949
433,Oromia,Guji,041405,Odo Shakiso,50ae1ea5-0d7e-43a0-9343-fff54858e8e3,4322867304.91235,339616.558664502
434,Oromia,Guji,041407,Liben,faa53e20-9bd9-4e75-adf0-5f581e4c1441,7743462691.31128,390398.181249833
435,Oromia,Borena,041212,Teltele,aacad0c8-dc01-4137-8cc3-27155bc5b72e,11627071248.8529,496938.05312066
436,Oromia,Borena,041210,Moyale,d40196bf-c49c-4837-a190-74488dd5756b,3421719417.76904,271322.178578543
437,Oromia,Ilubabor,040307,Borecha,7dfe8b96-e5f5-4352-b9da-3353df8b801f,787242407.94751,143635.34752057
438,Oromia,Kelem Wellega,041811,Lalo Kile,2c7f047d-87ee-4736-b5a0-47f5013ed8fa,493792141.857178,98038.694351757
439,Oromia,West Wellega,040108,Jarso,6fa0148f-bff7-4d30-b72e-802c7ec9f085,528224891.04248,97982.0306090187
440,Oromia,Kelem Wellega,041810,Jimma Horo,581f253e-32c0-4a6a-a245-eef00ef50679,664396704.175781,119956.71556531
441,Oromia,Kelem Wellega,041802,Yama Logi Welel,15a355b1-6470-4c25-88a8-ebddbd195960,532629821.735107,103378.229235133
442,Oromia,Kelem Wellega,041803,Dale Wabera,dd41583c-72c9-47d5-9e57-d210d34da7f8,707123251.632324,163508.686078276
443,Oromia,Kelem Wellega,041808,Dale Sadi,e1ce25d4-67c4-4c3f-80d5-3d89c75b3be1,619056281.561279,121135.736686698
444,Oromia,West Wellega,040110,Boji Chekorsa,28c83759-e8a7-48dd-9385-7c21042288d5,530629329.525635,100461.31989578
445,Oromia,West Wellega,040113,Gaji,465918e4-c7c6-4576-86e5-0515d3d275e8,283820552.835938,73607.0233110344
446,Oromia,West Wellega,040118,Sayo Nole,4ba56e71-44c6-4daf-bbf4-0f77e526246a,537719243.48291,110765.920058063
447,Oromia,Ilubabor,040304,Dega,ac6de98f-3625-49da-be52-8170066dfc67,482093174.633057,95567.1356890338
448,Oromia,Ilubabor,040315,Bilo Nopha,23c964f4-4b0f-4b82-978d-e03999e1a8bc,325506372.526367,81683.3554373243
449,Oromia,Ilubabor,040319,Halu (Huka),de7727d2-c39d-4e9e-a7de-2ea87fcd268c,308094434.056152,73397.0442098762
450,Oromia,Ilubabor,040311,Ale,ecc14934-7d64-49dc-9b45-551160bfcd63,366116766.180664,95394.6643575763
451,Oromia,Ilubabor,040316,Hurumu,4f70336f-6d9f-4fea-83c5-efccd993ab90,678394986.867188,126764.683280986
452,Oromia,Ilubabor,040314,Becho,ebeaa736-b072-4ba2-b803-aade2be5bfdf,347243852.070313,86339.6575774574
453,Oromia,Ilubabor,040306,Gechi,41fb9efe-a230-4c60-9137-77f1ca569bee,678050394.350342,113543.00291772
454,Oromia,Ilubabor,040322,Badele Zuria,25c0deb6-458a-40b9-ae2f-10952ec28290,850357295.583984,128488.616880365
455,Oromia,Ilubabor,040324,Dorani,8c87d901-ee4d-467f-80a3-633ec8b042c7,329685374.760742,85460.4973484013
456,Oromia,East Wellega,040205,Boneya Boshe,ede2a1b5-a111-4b96-a0c6-25eeca362667,478684386.04248,91649.191198919
457,Oromia,East Wellega,040208,Gobu Seyo,372d0d60-3c24-4c9a-af1a-911dd4f03693,446690444.838379,107615.872899497
458,Oromia,East Wellega,040212,Leka Dulecha,e618c81d-7b65-408d-bfa9-0c1b58894b02,619454586.605469,125599.173792626
459,Oromia,East Wellega,040209,Sibu Sire,2e61eabc-ed08-4b37-8ff5-284364c2c3c1,1042638594.59229,161980.971441926
460,Oromia,East Wellega,040206,Wayu Tuka,1b1f17cf-dc0a-4c2d-8e56-aaa26d7aa3bc,504370721.911865,113644.921707433
461,Oromia,Horo Guduru,041909,Amuru,602a2d77-0a98-4890-aa10-10e75c0a40aa,1204848536.50391,160857.312288165
462,Oromia,Horo Guduru,041906,Jimma Genete,5c637445-4404-458f-bb89-0a3cd02a25fc,488567621.542236,128697.894411209
463,Oromia,Horo Guduru,041904,Ababo,88c0b4c4-5410-44bc-adae-fab61580a5c5,1055941982.97949,151002.171183203
464,Oromia,Jimma,040416,Gumay,a6eb471b-b838-4518-b9dc-73ac32662efc,557937726.955078,106100.84908991
465,Oromia,Jimma,040409,Seka Chekorsa,e5164f1d-f388-4dbe-8098-7a01fd20f7f0,491063935.650635,105993.263203283
466,Oromia,Jimma,040402,Limu Kosa,92948829-1d95-4b3a-b674-01346eee9f73,1399107462.4895,189348.409238421
467,Oromia,West Shewa,040516,Abuna G/Beret,0758f8a1-b6a1-4388-bedd-40fa32fce804,1068430455.48242,174259.35471958
468,Oromia,West Shewa,040519,Ifata,4ba14c2d-42b9-4d15-bb1b-2dc0f008abf5,426357034.867188,92085.4768081266
469,Oromia,West Shewa,040517,Toke Kutaye,c820f76c-8cbd-4c4c-80bc-3109c8b59afd,550243492.53418,114359.14097546
470,Oromia,West Shewa,040504,Mida Kegn,0f3703c7-6a3a-4ce4-952d-76f94db28711,819100574.467285,108929.401684777
471,Oromia,West Shewa,040518,Jibat,8a14b223-b8a7-43b1-932f-7f654cdd6ba0,496905864.274658,106918.994926104
472,Oromia,South West Shewa,041312,Goro,87b32865-55f7-4b89-b809-b324438845dc,558664471.375,107461.371462747
473,Oromia,South West Shewa,041307,Kersana Malima,c325e86c-7379-4ec4-92ea-aacf92657c07,372591988.520508,101246.934270335
474,Oromia,North Shewa(R4),040607,Debre Libanos,e2db3f7a-c51d-4b39-837d-e49e40ea8d32,207483427.223633,65394.5477294856
475,Oromia,North Shewa(R4),040616,Mulo,893c7bdb-26ce-4872-9af7-4c7d3c3de04b,562704390.598633,96373.5789573806
476,Oromia,North Shewa(R4),040617,Aleltu,22632038-ccbc-4096-9077-c7f756796468,428873180.29541,122626.58567889
477,Oromia,North Shewa(R4),040615,Jida,09741fdb-80b0-4241-afcb-17340bef6bf5,340820789.75,99085.7126680863
478,Oromia,East Shewa,040710,Bora,6b5e4d1d-21c5-4a33-a619-61b5757fa6b4,422774311.717285,94262.6571508549
479,Oromia,East Shewa,040711,Liben Chukala,17027fff-ad6c-4e01-b9dc-efc1904321cc,721774310.901611,110761.954856265
480,Oromia,Arsi,040805,Dodota,75a46681-f0a7-40ee-8ee6-455de7fd52fc,471148891.819336,137267.251426631
481,Oromia,Arsi,040821,Lude Hitosa,2293165a-9d16-46fe-a7e4-fcfbfd7fcd66,544832759.498779,112885.158386247
482,Oromia,Arsi,040813,Tena,4b268030-1db9-44e8-b377-2298e5d26e7a,461018828.506348,95113.6234448628
483,Oromia,Arsi,040822,Diksis,54a7ab2f-6168-4de9-8881-d7943749d3a5,442960971.5979,121500.555919717
484,Oromia,Arsi,040824,Inkolo Wabe,b9f30738-2938-49fb-b32c-8d3cfe9259fd,319133822.998779,105209.282373049
485,Oromia,Arsi,040819,Guna,b1ad3e71-9db6-4daa-aef6-28cc2ca81f03,525863502.283936,130896.32549993
486,Oromia,Arsi,040823,Bele Gesgar,66dbd1dd-e118-4b83-a3f9-32975797587f,720705401.730469,185872.029342936
487,Oromia,West Arsi,041701,Siraro,38cd5791-d019-4f10-bcd5-52c14318751d,605527258.18042,111868.067003307
488,Oromia,West Arsi,041705,Kore,850f3808-3b8b-4982-80ab-c407fd7ec3a9,578492415.340332,147774.426066017
489,Oromia,West Harerge,040907,Goba Koricha,abd63399-21a0-4a34-9acd-8c5c7905d3ab,607936568.930664,119463.374326735
490,Oromia,West Harerge,040913,Chiro Zuria,d13e9c73-eb2b-4e13-ae0b-fb3d56b3aa90,675609057.3125,120339.543592367
491,Oromia,East Harerge,041014,Midega Tola,e3b85d7a-4e10-4911-8712-86852dda384c,845196479.464844,119875.574922191
492,Oromia,East Harerge,041018,Meyu,6d1f467e-70aa-43d0-89af-0ecd73ad13a6,3810020807.31885,388481.198607758
493,Oromia,East Harerge,041015,Chinaksen,55f3b08a-5cca-42d6-a71e-f89d3cef8b70,1552893030.84277,187657.283162293
494,Oromia,Bale,041106,Gasera,db049e86-4705-4740-9b7f-e640d8d7eb32,1166561234.74756,201043.869400924
495,Oromia,Bale,041122,Dinsho,cc4e0449-4a0b-491a-989f-6ff4057eaf58,663119363.529541,124563.15726914
496,Oromia,Bale,041111,Harena Buluk,f420ebef-6e2a-4c2a-9f81-bee137161d76,1993273366.44312,209173.03486729
497,Oromia,Bale,041116,Goro,e86a119d-c802-4c05-9e78-4d24b17d6585,1316133077.86035,170535.365628906
498,Oromia,Guji,041408,Afele Kola (Dima),e38e7eff-053d-485e-b272-60e2d1293b2d,383825592.394775,113718.544206037
499,Oromia,Guji,041406,Kercha,ac5e96d2-6c36-48d9-a5bc-2b2cc74f83d1,689405487.172363,122919.999368783
500,Oromia,Guji,041409,Hambela Wamena,c4beac23-b9ba-47f0-bbf0-24c4e6153a64,490881188.165527,122453.44934987
501,Oromia,Guji,041410,Girja (Harenfema),a12c4769-2442-4fd1-a1a9-8056d0286d90,742433800.439453,135165.14328371
502,Oromia,Guji,041404,Wadera,3d63a1e4-1096-41e0-ac18-1262c70aef4d,1183629646.83911,172320.789602299
503,Oromia,Borena,041213,Abaya,c2fad88e-4f9d-41e8-bb7c-9dbe1d937c30,1523401545.51001,188448.207627652
504,Oromia,Borena,041206,Bule Hora,ecea8e09-fac6-47c6-a5a7-ae6a008baa6b,1360409486.50098,174161.891839445
505,Oromia,Borena,041207,Yabelo,b836cf6e-179a-420e-865a-41201b5dba21,5992908881.08911,375484.065521183
506,Oromia,South West Shewa,041314,Sodo Daci,b30d1d16-8855-4219-b0cb-8e0d776c5f48,338765693.211426,85401.7916154149
507,Oromia,South West Shewa,041313,Kondaltiti,68094a20-a4b4-46a5-8c36-73de789e0381,380542013.920166,119347.057003355
508,Oromia,Borena,041215,Dugda Dawa,872da1e9-485a-414a-a580-4bb534baf9e5,2068206079.10522,331976.499430412
509,Oromia,Borena,041218,Melka Soda,fe08268b-8b24-4c91-b944-2b5d008e51b4,1798392188.41406,225162.393244994
510,Oromia,Borena,041219,Dillo,c3355f45-5262-4ce9-b501-3acaaf969f8d,3989780523.8623,336091.174623859
511,Oromia,Borena,041211,Dire,637dacb6-05ae-4462-9242-15bc21b51193,4925294872.97412,348490.802637651
512,Oromia,Borena,041216,Miyo,5062e712-95b2-4280-8bc3-b7a238ec1a58,1829800078.69458,237865.159437868
513,Oromia,Borena,041220,Dehas,933e82b0-e543-4cf2-9df5-e42a14fb18a0,4236814545.40588,335474.243296407
514,Oromia,Borena,041208,Arero,d4bb7891-6409-4e2c-aefc-44fe847b4803,8821113532.50134,505365.043420686
515,Oromia,Kelem Wellega,041809,Gidami,73416132-3e4d-46ed-a7d1-ade3169994a4,1980829128.02075,235790.15624404
516,Oromia,Kelem Wellega,041807,Anfilo,56aa70bb-1ccf-457b-ae0c-0bf01f36072c,1443368546.63379,186950.235244929
517,Oromia,Ilubabor,040312,Bure,d4b82aee-7b5c-455f-8710-2764c7b7bf3a,1104406333.27051,137519.223271233
518,Oromia,Kelem Wellega,041805,Sayo,a2a9c9ed-c01a-4395-9eed-e39568336283,1059735176.37061,146707.933994981
519,Oromia,Ilubabor,040313,Sale Nono,d1f663fd-248e-4e36-a6ea-297f4d7c2669,1646473839.31177,198529.121709957
520,Oromia,West Wellega,040109,Gudetu Kondole,24e05199-63d9-43e3-9f98-118281ff9d55,1152810318.51025,140459.591355145
521,Oromia,West Wellega,040101,Mana Sibu,196693b9-784e-413c-aa16-30662de2ccd8,1860244675.25342,203841.425854498
522,Oromia,West Wellega,040105,Kiltu Kara,ba395eaf-336b-418b-8dab-97a6a986e9c5,640569557.528564,145463.808911091
523,Oromia,West Wellega,040102,Nejo,076dedb2-4963-434b-a2c4-012242fc9ace,1119895208.7439,168514.075274328
524,Oromia,West Wellega,040106,Boji Dirmeji,fd3b8178-aefd-46df-8171-01713e103785,552164044.068848,107159.3406539
525,Oromia,West Wellega,040104,Lalo Asabi,d4290eef-5608-4197-9454-9e754520e5a7,404895615.785645,105766.736463779
526,Oromia,West Wellega,040103,Gimbi,2175ebe9-4a43-4955-8c64-9fd911de734d,1104101311.89453,169893.135690819
527,Oromia,Ilubabor,040323,Chwaka,4d6bd6eb-9496-4c41-a712-b758f116c1d1,431763082.182861,124467.697290943
528,Oromia,Ilubabor,040305,Dabo Hana,c81b9f67-6cef-4c7c-bea3-d6c4ef055eb3,939851791.609375,183427.295420825
529,Oromia,East Wellega,040210,Diga,d37bbdab-59a4-467a-bcd7-1954b5181377,699289934.019775,181982.086631191
530,Oromia,East Wellega,040204,Haro Limu,8ea35dc7-d025-40f8-b693-0c7407d0cf2a,1132341871.76001,161167.801382371
531,Oromia,North Shewa(R4),040609,Abichuna Gne'a,2782a827-0251-4831-b8bf-fcb1edf087dd,819534964.260742,192152.479685278
532,Oromia,North Shewa(R4),040610,Kembibit,59ac7956-b26d-4ece-9514-dd7c45f2ce13,569158654.899902,134977.123535147
533,Oromia,East Shewa,040705,Gimbichu,f5f07702-c677-4e35-bc8d-a7dbbe94f8e6,661741257.042725,142577.042651503
534,Oromia,West Shewa,040512,Walmara,890a8329-83ff-46de-8d8a-67d28a48da4e,803127270.450439,135625.706282426
535,Oromia,East Shewa,040712,Akaki,7bdfff3a-3d37-4fc8-b461-e5454e42d562,705376294.572266,154953.126715111
536,Oromia,North Shewa(R4),040611,Bereh,c272dfdb-0955-42bf-aaac-2dd099cf2b89,872265937.619141,132831.463983441
537,Oromia,North Shewa(R4),040612,Sululta,ba33fa63-6b07-4e05-8a17-63cd623229f1,1088165327.83496,159740.769351788
538,Oromia,South West Shewa,041306,Alem Gena,a2bf5257-a3c1-4032-b92a-69fcafbb031e,945249619.59668,145809.970261317
539,Amhara,North Shewa(R3),030519,Basona Worena,b6854b88-f5ba-4533-a346-9d6cc51fe5a5,1401723054.55176,260300.508251764
540,Amhara,North Shewa(R3),030503,Ensaro,beb62d8e-be30-4de9-9bda-910ff0e00ddf,412934726.40918,103840.282901029
541,Addis Ababa,Region 14,140101,Akaki - Kalit,a69821f6-36c4-46aa-b8c8-d88fc0663942,131118708.722656,63180.2535368325
542,Addis Ababa,Region 14,140103,Kolfe - Keran,6bbb2696-469c-471b-96fb-96599a4e21bc,67594740.1274414,50275.6028564418
543,Oromia,West Harerge,040915,"Hawi Gudina
",d15c46bd-6f59-4e10-b114-7cf55d783a44,3154827252.88452,254010.868130251
544,Oromia,West Harerge,040909,Daro Lebu,28f9b3fb-b299-4202-b322-51d275c65d92,1277116592.40112,174665.293580103
545,Somali,Afder,0508061,Hargele,0ce1ce78-dbfc-4094-bd56-becb244ad06c,2398773117.13403,232148.55522712
546,Afar,Zone 2,0202071,Bidu,85854b27-1088-4941-9df6-7c5e0c26a510,4784311535.67334,292469.897312323
547,Afar,Zone 1,0201011,Kurri,80407bf5-3384-4283-91e8-99e5523ccb03,5397245883.78564,359050.053156675
548,Afar,Zone 1,0201051,Adaa'r,fa81f00f-f674-445b-8905-e899eee813ce,1442427071.10889,185757.794518015
549,SNNPR,Sheka,070803,Yeki,42aea9fe-35d6-4334-9ec4-7eb50ebb599b,528061404.622314,131393.288677906
550,SNNPR,Keffa,070905,Menjiwo,2486f59c-218e-4095-9751-351da319d7ef,1024673373.97461,141105.942036238
551,SNNPR,KAT,070304,Kacha Bira,20d34439-2d55-402f-b0fc-acaade02dc49,230040864.515137,66327.1807981132
552,SNNPR,KAT,070301,Tembaro,f281a557-3cc9-4885-89cf-3e81d99e1304,332055584.855957,78113.4705236248
553,SNNPR,Keffa,070908,Decha,5d6d8bd2-7da8-45a8-a48c-741539ac5624,2969421027.22485,336069.764630042
554,SNNPR,Bench Maji,071106,Menit Shasha,a19a394d-fb36-495c-b612-4d04dbf7e028,2999484195.29834,312780.537645143
555,SNNPR,Konta,071901,Ela (Konta) SP Woreda,a5bd79a8-fc47-4880-8c0f-13d7d3ec7927,2401405056.13916,279737.234529818
556,SNNPR,Keffa,070907,Cheta,c8f67e00-fd71-4f9b-aa2d-9a2ec31c5c8b,676571727.489014,111978.532962022
557,SNNPR,Dawro,071703,Loma Bosa,f2ab8a27-e308-4b9d-92e2-e39c562abce5,1206656476.69263,182583.028825977
558,SNNPR,Gamo Gofa,071004,Boreda,307ab858-e99f-4839-b0ea-30022bf7fcc2,450913920.63501,94079.256093807
559,SNNPR,Gurage,070105,Sodo,cb4bf368-a73d-4793-8c2a-47f70c4a6cd7,853981427.639648,179901.725930342
560,SNNPR,Gurage,070102,Abeshege,71917bac-15d9-47e4-aee2-9949f7c3dd62,561892317.18335,108983.772324631
561,SNNPR,Gurage,070104,Kokir Gedbano,1f54bdfc-95db-4ca0-b5aa-2a515e7c960c,614527895.519287,115570.322781305
562,SNNPR,Gurage,070106,Meskan,994a6121-7c2a-43eb-bd01-cdb364d34305,555800449.879883,159509.14654155
563,SNNPR,Gurage,070110,Cheha,a9203a32-2c84-4503-903e-8d5c5221172f,593350102.869141,134083.521885047
564,SNNPR,South Omo,070702,South Ari (Bako Gazer),b7eab23d-4d4d-4421-95fc-569106194fa9,2133048975.38281,251858.775147408
565,SNNPR,Gurage,070111,Enemorina Eaner,0c0352e5-0cee-49fc-a72f-9c53545c307d,844200069.382813,129760.90178639
566,SNNPR,Selti,072001,Alicho Woriro,8540896c-f3e1-44a5-ba4e-9e74eb85a20c,242635541.776611,79175.6228116074
567,SNNPR,Selti,072002,Selti,bcebd139-07ac-444c-b067-7e32f369ba93,468360637.20874,116069.400431771
568,SNNPR,Yem,071201,Yem SP Woreda,cf2029de-45e7-4149-a3ba-a4d19ad92c7a,768792458.003174,132836.441311405
569,SNNPR,Hadiya,070202,Gibe,b56fb5f6-30aa-40fd-817a-c2e642c178c4,441854691.421143,87876.6138777513
570,SNNPR,Selti,072003,Lanfero,2dada033-d4b6-42f0-898b-d5cdf037276f,505770851.444092,117856.06130137
571,SNNPR,Keffa,070902,Gesha (Deka),9a8920bd-3af7-4c89-80a6-12e2d7b50e71,689954109.289307,142227.540938089
572,SNNPR,Selti,072008,Wilbareg,610234d5-ab70-43a4-98a2-751d3d244e43,485096238.345703,99303.1471792138
573,SNNPR,Hadiya,070206,Soro,8df3c75a-9724-4afd-a1cc-5ccdfbaad056,771082665.573486,136469.523691938
574,SNNPR,Sheka,070801,Masha,1bf31d82-d2a6-4ed5-908d-ae6ff12ee6fd,834310152.091797,133950.142287278
575,SNNPR,Keffa,070904,Gimbo,340a1dce-63ea-4045-9102-72f5539cad28,810251171.523438,142480.916081407
576,SNNPR,Alaba,072101,Alaba SP Woreda,8c5b064d-971d-4ba3-bc7f-a8bdefa38eb2,881684309.103516,167944.821539598
577,SNNPR,KAT,070302,Anigacha,9766baea-56e8-4d1b-a36a-7cf3927a4922,164555280.734131,58724.2939132645
578,SNNPR,Keffa,070909,Chena,452f0a15-420d-41f8-a1f4-47e80f88ae54,1099058577.70776,199931.864369718
579,SNNPR,Wolayita,070601,Boloso sore,b0a349d3-f8a4-4047-b86e-c462f3e24dd5,297321612.483643,89846.5402326004
580,SNNPR,Dawro,071702,Mareka,e8aa73d3-de4e-4dd7-9ed9-b48334c17893,436825015.723145,98651.370793956
581,SNNPR,Sidama,070420,Wondo-Genet,2e5f8c9c-1d9e-4eb7-af24-aa85755fefd1,227102105.843018,77437.27446747
582,SNNPR,Wolayita,070602,Damot Gale,2cbd0a1e-7f33-4542-89f3-b2ca326de114,271530092.21875,91772.0831997609
583,SNNPR,Dawro,071705,Esira,c6d1c357-d40a-4c0f-9277-185a11f9cf6c,1081888182.08862,139636.097195862
584,SNNPR,Wolayita,070605,Sodo Zuria,2e77816a-17e8-4a69-8c6d-9cf570b6ef03,474228915.442871,106874.646088547
585,SNNPR,Sidama,070414,Loka-Abaya,d97f7c0d-3aa0-49b6-a0b6-169c23ea9928,962135306.967285,181492.984808711
586,SNNPR,Sidama,070403,Arbe Gonna,034af076-12d4-4bf4-8958-717321957994,289652895.748779,96346.8819242013
587,SNNPR,Wolayita,070607,Ofa,45da5ee0-5c9b-4133-92c5-f90a4e599e61,384816929.571533,88620.9138048013
588,SNNPR,Sidama,070407,Hulla,68b763e9-a486-409e-8d7e-e887825bab6a,295730733.785889,113888.000579108
589,SNNPR,Sidama,070417,Chuko,5c1c05e8-ec08-407f-8fe2-effee4a67308,306425491.161133,92352.6137049899
590,SNNPR,Gamo Gofa,071001,Melekoza,20aeee7c-bd63-47ac-8393-86be05ce6fa6,1696409315.24561,202122.54778482
591,SNNPR,Gamo Gofa,071003,Kucha,95f6607e-f479-4008-b3ac-5a17f486dc6e,1483240735.05713,157880.764491559
592,SNNPR,Sidama,070415,Chire,ee0ed1fd-6b7c-4e84-85dd-7a3b7098abfb,403554442.67334,148088.209975766
593,SNNPR,Gamo Gofa,071002,Denibu Gofa,c25f90d8-f688-4a20-bf0b-e74173f9b3a1,882234808.889404,161492.528604237
594,SNNPR,Sidama,070409,Aroresa,241cc0bc-5118-4300-914b-912e97ebd10b,747470622.155273,156922.396139047
595,SNNPR,Sidama,070406,Dara,949823dc-21ba-4931-a2fd-6c363a26e3bb,258646512.671875,88915.5022026266
596,SNNPR,Bench Maji,071109,Surma,cb7b629e-7c79-4619-9621-159f588e8d8a,4806335841.99414,374952.016189708
597,SNNPR,South Omo,070701,Selamgo,dce222e8-805d-4c61-b830-7022c08b325e,4663489954.54565,372774.689335158
598,SNNPR,Bench Maji,071107,Maji,15e12294-1f20-40ca-9e31-42ca5286e62d,4598990240.46143,351830.155248362
599,SNNPR,Gamo Gofa,071007,Chencha,ee4c4dbe-4431-4491-8d76-e7c71635d1e7,377480360.734375,92509.0221658643
600,SNNPR,Gamo Gofa,071008,Dita,f912db2e-ab32-4e66-a4f8-715af4894b05,352688514.310059,97111.7298665812
601,SNNPR,Basketo,071801,Basketo SP Woreda,6d4e6807-06ee-4e14-bed1-814fff4b82b9,427341501.061768,105015.485119341
602,SNNPR,Gamo Gofa,071009,Daramalo,7f3a839d-188e-4861-91d1-0f20cd4e9701,367797070.089111,78950.3991502174
603,SNNPR,Gedio,070504,Bule,9df3be20-8dc4-49a2-95d8-b4f634ae1167,251656228.722656,83140.5485707668
604,SNNPR,Gedio,070502,Yirgachefe,0967b5aa-37bb-4755-a5cd-319c217224ca,330241472.722412,108171.882469742
605,SNNPR,Gamo Gofa,071016,Arba Minch Zuria,b69a38ce-37cb-41d9-825c-e44ba6449108,1649674265.77026,191658.427723941
606,SNNPR,Bench Maji,071104,Shay Bench,4a14b209-3353-40d3-8de0-83065a413d3a,569632453.149414,128971.186163793
607,SNNPR,Segen Peoples',071301,Amaro,73bfe6f1-700b-46f9-ac33-b88d85aeb30a,1584577115.55054,182714.494707707
608,SNNPR,Segen Peoples',071401,Burji,8b52385f-1a41-46cb-bf6e-6a3ce9525f27,1375144034.90137,177641.378184491
609,SNNPR,Segen Peoples',071501,Konso,545b2847-e9da-429e-a2ce-eba778211e58,2168148693.31714,234280.021470173
610,SNNPR,South Omo,070708,Gnangatom,ba9f3e12-5230-4dad-bed7-d2f7ad456696,2613029651.3512,305835.72409475
611,SNNPR,Gamo Gofa,071010,Zala,63425712-1024-422b-bb5e-52377c63940e,739936603.317383,123414.656206095
612,SNNPR,Gurage,070103,Ezha,1df2a5bf-bfc6-4855-9e05-8eccb22fb40a,467373936.032227,120503.276615213
613,SNNPR,Wolayita,070609,Damot Sore,016a05a7-5045-4714-bca8-26f638482655,182210462.895508,83656.186031506
614,SNNPR,Wolayita,070608,Boloso Bombe,a3d66390-c18b-47a4-943f-23f7ffaa0b86,276710666.165039,78188.0970505668
615,SNNPR,Wolayita,070606,Kindo Koysha,5731a5ca-636f-406e-b008-8bd65a43d1cb,562104568.670166,110462.099128057
616,SNNPR,Wolayita,070610,Kindo Dida,0bc0c38c-13f1-4ea7-ae5f-dbc273ecae39,401616049.000977,96671.6035946175
617,SNNPR,Wolayita,070611,Damot Pulasa,2133b256-6a49-47d0-a0fb-da115fcf482d,154984532.854248,61143.7144682063
618,SNNPR,Sidama,070402,Hawassa Zuria,71c003c5-3f7e-44ec-b7a0-fdd5c3dd3bf0,302524008.835449,82124.0853964422
619,SNNPR,Sidama,070419,Hawasa Town,84391f82-178a-4903-9946-f96c728f2f6d,271693932.790039,80902.6725120145
620,SNNPR,Sidama,070412,Malga,252d3752-6ab0-4a3f-b820-efdf2c785d7a,187550592.608643,86946.8531316437
621,SNNPR,Sidama,070401,Shebe Dino,3f71cbc6-79af-4800-8833-c93f46810050,250497214.484131,106658.162636736
622,SNNPR,Sidama,070411,Gorche,51fcb1f9-0a6f-4039-9850-276a9e26a124,185184515.60498,78341.5036177202
623,SNNPR,Sidama,070404,Dale,bf6d0eb2-aca8-4a70-8a53-6e283c038a88,269810253.698975,110125.910435329
624,SNNPR,Sidama,070413,Wonosho,abe1ab04-5f24-4bb6-8180-7ed399d8c560,186828436.679688,78412.946030511
625,SNNPR,Wolayita,070604,Humbo,0e5d6370-6df8-4fa5-8151-419c147e537b,755856622.002441,141966.157764155
626,SNNPR,Sidama,070405,Aleta Wendo,62c43545-36d7-4595-827b-584542401341,227664396.075439,78818.4509610764
627,SNNPR,Sidama,070418,Bona Zuria,57815e08-930d-459a-b61e-d32c0cebafdc,249983550.895264,112276.571719229
628,SNNPR,Sidama,070416,Bursa,ae559341-bfbb-4eb7-9d77-4f66a851f6b5,239782512.803955,82415.516123383
629,SNNPR,Sidama,070408,Bensa,93b6749c-8d6e-4459-8701-c71d2e6cf482,526567953.352295,115898.873166251
630,SNNPR,Gurage,070107,Mareko,7e893d44-40e0-40d2-ad17-60fb98946003,338563884.378418,114197.707796487
631,SNNPR,Hadiya,070201,Misha,026a1670-e81f-4e11-8eda-3adead5720bd,452324406.377441,127312.968636762
632,SNNPR,Hadiya,070204,Shashogo,74a385da-648e-409a-a58e-1586600b20f2,329738872.772705,88262.3736559236
633,SNNPR,Gamo Gofa,071005,Mirab Abaya,0c936035-7e5b-4ba6-9d8e-ecc044206e5a,821337816.043701,135723.662736695
634,SNNPR,Gamo Gofa,071011,Ubadebretsehay,16eded9a-b68d-43c0-b301-ddece3e54230,708482172.750977,133903.542530905
635,SNNPR,South Omo,070705,Bena Tsemay,69ecdb03-21af-46ef-a926-1d137eb5b28c,3597125599.39624,319236.125304275
636,SNNPR,Gedio,070503,Kochere,19e998ff-86e1-4d97-a514-d204166c0cd7,207842225.619629,66765.9697324664
637,SNNPR,Gedio,070506,Kochere Gedeb,fe066da1-cdee-4303-ab0a-67c1dc3dc74c,330576329.51709,102191.506250912
638,SNNPR,Gedio,070501,Wenago,2e2f6003-0442-4628-a14d-05e39d08448e,126404029.817383,49942.5236605341
639,SNNPR,Gedio,070505,Dila Zuria,5bde0ac3-e2ad-4da0-8f08-0e287238629e,113661119.296143,54345.6722059762
640,SNNPR,Sidama,070410,Boricha,5bcf5797-fdc4-469a-8868-472157f20c78,619014901.095703,118388.768049663
641,SNNPR,Wolayita,070612,Diguna Fango,84ff742d-e90e-4409-8aee-cd764adf23fe,378979345.340332,79969.0897920168
642,SNNPR,Wolayita,070603,Damot Weydie,d05027cd-1885-4dfc-ae58-bfc7647695fb,412494260.601807,100074.468654746
643,SNNPR,Hadiya,070205,Misrak Badawacho,05dc2135-2468-4061-9d4e-06476104c9b2,303761958.255127,85312.1873694429
644,SNNPR,Hadiya,070209,Mierab Badawacho,b9fa5c71-0f1a-4ecd-b3c4-cd024fac6a28,162512710.827881,60391.1316314557
645,SNNPR,Gurage,070101,Kebena,522c8354-bf71-4849-a66f-9276be9fb23f,339309069.337891,107016.617813394
646,SNNPR,Gurage,070112,Muhur Na Aklil,d33c6ce0-6cb8-476b-85d8-1ea2c0f645ff,402311815.365479,111410.508941606
647,SNNPR,South Omo,070704,Hamer,9064df88-8359-47ac-ab75-de05accdfd2c,6081979451.21875,375874.927734298
648,SNNPR,South Omo,070706,Dasenech (Kuraz),07ed39d7-8526-4cc3-8ca5-64f0766e123f,2532005451.60168,223943.020502193
649,SNNPR,Bench Maji,071108,Bero,ef645542-bf56-4ad5-809b-0c862bda09e1,600844699.968262,132603.56796296
650,SNNPR,Bench Maji,071102,Gurafereda,acf22827-0eec-4708-955f-19ba5086ca7e,2529044492.33984,259442.196050404
651,SNNPR,Bench Maji,071101,Sheka,b50b67b3-4941-4579-be4b-6d6a6de720d8,469015339.674072,101964.799130102
652,SNNPR,Bench Maji,071103,Debub Bench,48533241-0dd2-4897-a585-b2377d5171b0,734385002.933594,116373.17384068
653,SNNPR,Bench Maji,071110,Semen Bench,1482c38d-a945-4e72-8dd9-b76bf4ca50e2,387934361.736084,91699.611773318
654,SNNPR,Bench Maji,071105,Menit Goldiye,a1651f0e-917b-4dc0-99bb-c7cdceeb3c55,1749094696.90479,243006.754837205
655,SNNPR,South Omo,070703,Gelila (Semen Ari),f7ab4ae2-a03c-4dd6-8d22-de477de0b708,253961313.239258,62494.83039913
656,SNNPR,South Omo,070707,Male,29915deb-f93f-4979-999d-3fee28c05fc0,1515344460.69482,174979.79944563
657,SNNPR,Gamo Gofa,071015,Ayida,3531ae7e-974f-42ff-ab20-dd23dafc2d89,212190817.903076,67659.2222952906
658,SNNPR,Gamo Gofa,071017,Geze Gofa,50580403-57bb-4bfc-bbbb-58236b0d6777,491934708.800049,96541.0625600892
659,SNNPR,Dawro,071701,Tocha,b1ab0e72-a146-4254-a7b1-3afbbedb6cb9,797007068.047363,120065.74640051
660,SNNPR,Dawro,071704,Gena Bosa,ac1b9c09-f461-42e5-a675-8f458aa692d3,949975485.199707,146305.24129347
661,SNNPR,Keffa,070906,Tulo,55dabf58-426d-4a9d-a771-610a7b7891f6,541107228.42041,99205.1238978329
662,SNNPR,Keffa,070901,Sayilem,1cd655de-13d5-4e35-8795-fb76ef463e4a,802577083.817383,145999.438644603
663,SNNPR,Keffa,070910,Bita (Big),453ff98c-8afb-48a4-9fdc-2cc8b609c7ea,1122751188.07666,137747.86835788
664,SNNPR,Keffa,070903,Getawa,ecd15ff6-c9f2-478a-a4fc-d55e9c9814cd,1011254084.10596,160370.032644429
665,SNNPR,Sheka,070802,Anderacha,5d414288-915c-49db-be69-9f6e34511de8,1037481471.10889,177470.883871975
666,SNNPR,KAT,070305,Hadero Tubito,80c40832-60e4-4a4b-bdc7-046bc40a782e,186991768.588135,63155.5375959402
667,SNNPR,Hadiya,070207,Dune,c610168d-ab90-4544-bdec-4e5771128a11,199836398.578125,75540.0782125773
668,SNNPR,Hadiya,070210,Gembora,a2af1711-d8b8-4af8-8347-4b370c489d6d,453605224.597656,92848.9443438001
669,SNNPR,Selti,072007,Misrak Azenet Berbere,e07ea43b-16e3-4428-b5e0-5adb8535e2b5,160554172.00708,63205.8398922515
670,SNNPR,Gurage,070108,Endiguagn,40d44f3a-48ed-4e43-a4a3-0032c6d22ec7,140608989.605469,70032.8212018742
671,SNNPR,Hadiya,070203,Limu,33ec61d4-0921-4196-a0db-eecade196fcf,398706189.887939,97590.8131888168
672,SNNPR,Gurage,070113,Geta,e225446d-de36-4844-8087-70ceaa8eadfd,191771299.086182,63835.1942234148
673,SNNPR,Hadiya,070208,Analemmo,6a86e9e3-b997-43a2-a67d-aa72aa3bb1fb,227007493.904297,65412.1254255118
674,SNNPR,Selti,072004,Mierab Azenet Berbere,de490e7e-be25-41b8-baaa-c8ab8272e259,150513803.250732,62026.5938838663
675,SNNPR,Selti,072006,Sankura,d69b751a-4d47-47c8-bfdc-2add0cec0a70,271967966.237549,71936.2675772337
676,SNNPR,KAT,070306,Doya Gena,0fbc6405-aa5a-45cc-aabf-83b43e637399,116100442.738037,58104.0904430024
677,SNNPR,KAT,070307,Daniboya,a90660f8-5af1-4890-8ecc-3ae330ed0fc6,204200565.331055,64420.2074677964
678,SNNPR,KAT,070303,Kediada Gambela,1e395b73-5604-4dee-b85d-d3fc286be2be,199192852.589355,68936.8095748972
679,SNNPR,Selti,072005,Dalocha,9806cefb-e825-4098-8afe-be7519689c18,360960289.940918,82735.3984223813
680,SNNPR,Gurage,070109,Gumer,823c7b7c-ab26-4255-b459-d4ea57fdffc8,204202561.62793,67203.1785292486
681,SNNPR,Segen Peoples', ,Alle,f689ede0-c182-4331-aa83-cdb26c99382e,1065195947.39087,183068.475861194
682,SNNPR,Segen Peoples',071601,Derashe,9e03bdc6-a6b3-41f4-a48e-7b95682fb9b3,726555498.052979,179539.187123098
683,SNNPR,Gamo Gofa,071012,Kemba,d269c6a4-ba68-4f20-b6cd-4f9a70f03bc9,1264534364.69727,186707.754502686
684,SNNPR,Gamo Gofa,071013,Bonke,866a0a77-9e6d-4082-839e-04aa31088f60,838957481.506348,165151.818307813
